index,split,gated_image,depth_image,class_ids,class_names,models,positions
0,val,val/gated_range_view/0000_c0+3_moving_vessel+small_fishing_boat.png,val/depth_camera_rgb/0000_c0+3_moving_vessel+small_fishing_boat.png,0+3,moving_vessel+fishing_boat,moving_vessel+small_fishing_boat,"moving_vessel:34.57,-0.93,0.42,0.09;small_fishing_boat:30.23,1.66,0.34,-2.03"
1,train,train/gated_range_view/0001_c3_survey_boat.png,train/depth_camera_rgb/0001_c3_survey_boat.png,3,fishing_boat,survey_boat,"survey_boat:32.47,-2.84,0.36,3.02"
2,train,train/gated_range_view/0002_c3_small_fishing_boat.png,train/depth_camera_rgb/0002_c3_small_fishing_boat.png,3,fishing_boat,small_fishing_boat,"small_fishing_boat:22.34,2.94,0.34,1.30"
3,train,train/gated_range_view/0003_c1+0_service_boat+moving_vessel.png,train/depth_camera_rgb/0003_c1+0_service_boat+moving_vessel.png,1+0,service_boat+moving_vessel,service_boat+moving_vessel,"service_boat:25.20,-0.42,0.38,2.84;moving_vessel:42.38,1.85,0.42,1.43"
4,train,train/gated_range_view/0004_c1+2_service_boat+research_platform.png,train/depth_camera_rgb/0004_c1+2_service_boat+research_platform.png,1+2,service_boat+research_platform,service_boat+research_platform,"service_boat:24.72,-3.31,0.38,-0.34;research_platform:32.73,6.07,2.00,-1.87"
5,val,val/gated_range_view/0005_c1+0_service_boat+moving_vessel.png,val/depth_camera_rgb/0005_c1+0_service_boat+moving_vessel.png,1+0,service_boat+moving_vessel,service_boat+moving_vessel,"service_boat:25.63,-2.39,0.38,2.68;moving_vessel:24.68,2.87,0.42,0.81"
6,train,train/gated_range_view/0006_c2_research_platform.png,train/depth_camera_rgb/0006_c2_research_platform.png,2,research_platform,research_platform,"research_platform:51.88,-7.08,2.00,0.45"
7,train,train/gated_range_view/0007_c0+1_moving_vessel+service_boat.png,train/depth_camera_rgb/0007_c0+1_moving_vessel+service_boat.png,0+1,moving_vessel+service_boat,moving_vessel+service_boat,"moving_vessel:22.44,-1.08,0.42,1.80;service_boat:34.22,2.68,0.38,-1.46"
8,train,train/gated_range_view/0008_c3+0_survey_boat+moving_vessel.png,train/depth_camera_rgb/0008_c3+0_survey_boat+moving_vessel.png,3+0,fishing_boat+moving_vessel,survey_boat+moving_vessel,"survey_boat:30.99,-3.82,0.36,-0.84;moving_vessel:27.20,4.60,0.42,-0.15"
9,train,train/gated_range_view/0009_c2_research_platform.png,train/depth_camera_rgb/0009_c2_research_platform.png,2,research_platform,research_platform,"research_platform:38.06,3.77,2.00,-1.31"
10,val,val/gated_range_view/0010_c2_research_platform.png,val/depth_camera_rgb/0010_c2_research_platform.png,2,research_platform,research_platform,"research_platform:40.13,6.88,2.00,-2.49"
11,train,train/gated_range_view/0011_c0+1_moving_vessel+service_boat.png,train/depth_camera_rgb/0011_c0+1_moving_vessel+service_boat.png,0+1,moving_vessel+service_boat,moving_vessel+service_boat,"moving_vessel:29.48,-1.79,0.42,-0.27;service_boat:37.22,1.27,0.38,0.21"
12,train,train/gated_range_view/0012_c0_moving_vessel.png,train/depth_camera_rgb/0012_c0_moving_vessel.png,0,moving_vessel,moving_vessel,"moving_vessel:23.72,4.77,0.42,-0.56"
13,train,train/gated_range_view/0013_c2+3_research_platform+small_fishing_boat.png,train/depth_camera_rgb/0013_c2+3_research_platform+small_fishing_boat.png,2+3,research_platform+fishing_boat,research_platform+small_fishing_boat,"research_platform:24.95,-2.35,2.00,0.10;small_fishing_boat:20.11,1.08,0.34,1.50"
14,train,train/gated_range_view/0014_c2+3_research_platform+small_fishing_boat.png,train/depth_camera_rgb/0014_c2+3_research_platform+small_fishing_boat.png,2+3,research_platform+fishing_boat,research_platform+small_fishing_boat,"research_platform:49.09,-5.32,2.00,0.31;small_fishing_boat:18.47,0.58,0.34,1.43"
15,val,val/gated_range_view/0015_c2_research_platform.png,val/depth_camera_rgb/0015_c2_research_platform.png,2,research_platform,research_platform,"research_platform:37.56,5.83,2.00,-0.30"
16,train,train/gated_range_view/0016_c1_service_boat.png,train/depth_camera_rgb/0016_c1_service_boat.png,1,service_boat,service_boat,"service_boat:28.74,-3.61,0.38,3.43"
17,train,train/gated_range_view/0017_c3_survey_boat.png,train/depth_camera_rgb/0017_c3_survey_boat.png,3,fishing_boat,survey_boat,"survey_boat:32.47,-2.20,0.36,2.96"
18,train,train/gated_range_view/0018_c1+3_service_boat+survey_boat.png,train/depth_camera_rgb/0018_c1+3_service_boat+survey_boat.png,1+3,service_boat+fishing_boat,service_boat+survey_boat,"service_boat:34.47,-5.49,0.38,-1.59;survey_boat:37.53,3.61,0.36,1.30"
19,train,train/gated_range_view/0019_c3_small_fishing_boat.png,train/depth_camera_rgb/0019_c3_small_fishing_boat.png,3,fishing_boat,small_fishing_boat,"small_fishing_boat:24.96,2.80,0.34,0.75"
20,val,val/gated_range_view/0020_c0_moving_vessel.png,val/depth_camera_rgb/0020_c0_moving_vessel.png,0,moving_vessel,moving_vessel,"moving_vessel:37.15,2.99,0.42,1.80"
21,train,train/gated_range_view/0021_c2_research_platform.png,train/depth_camera_rgb/0021_c2_research_platform.png,2,research_platform,research_platform,"research_platform:50.51,5.94,2.00,1.65"
22,train,train/gated_range_view/0022_c0_moving_vessel.png,train/depth_camera_rgb/0022_c0_moving_vessel.png,0,moving_vessel,moving_vessel,"moving_vessel:36.91,-6.48,0.42,2.22"
23,train,train/gated_range_view/0023_c1+2_service_boat+research_platform.png,train/depth_camera_rgb/0023_c1+2_service_boat+research_platform.png,1+2,service_boat+research_platform,service_boat+research_platform,"service_boat:32.73,-4.58,0.38,1.24;research_platform:46.69,7.84,2.00,-1.64"
24,train,train/gated_range_view/0024_c3+5_small_fishing_boat+floating_container.png,train/depth_camera_rgb/0024_c3+5_small_fishing_boat+floating_container.png,3+5,fishing_boat+obstacle,small_fishing_boat+floating_container,"small_fishing_boat:11.40,-2.20,0.34,0.13;floating_container:21.32,1.38,0.28,-1.47"
25,val,val/gated_range_view/0025_c0_moving_vessel.png,val/depth_camera_rgb/0025_c0_moving_vessel.png,0,moving_vessel,moving_vessel,"moving_vessel:26.65,1.28,0.42,3.05"
26,train,train/gated_range_view/0026_c1+3_service_boat+small_fishing_boat.png,train/depth_camera_rgb/0026_c1+3_service_boat+small_fishing_boat.png,1+3,service_boat+fishing_boat,service_boat+small_fishing_boat,"service_boat:33.93,-2.55,0.38,2.83;small_fishing_boat:20.36,1.54,0.34,0.17"
27,train,train/gated_range_view/0027_c1_service_boat.png,train/depth_camera_rgb/0027_c1_service_boat.png,1,service_boat,service_boat,"service_boat:22.47,-3.90,0.38,1.56"
28,train,train/gated_range_view/0028_c4_cargo_ship_far.png,train/depth_camera_rgb/0028_c4_cargo_ship_far.png,4,ship_far,cargo_ship_far,"cargo_ship_far:72.29,-0.19,1.05,-1.14"
29,train,train/gated_range_view/0029_c4_cargo_ship_far.png,train/depth_camera_rgb/0029_c4_cargo_ship_far.png,4,ship_far,cargo_ship_far,"cargo_ship_far:56.19,2.75,1.05,-0.09"
30,val,val/gated_range_view/0030_c1_service_boat.png,val/depth_camera_rgb/0030_c1_service_boat.png,1,service_boat,service_boat,"service_boat:12.54,-1.49,0.38,-0.23"
31,train,train/gated_range_view/0031_c2_research_platform.png,train/depth_camera_rgb/0031_c2_research_platform.png,2,research_platform,research_platform,"research_platform:50.22,3.92,2.00,3.49"
32,train,train/gated_range_view/0032_c0_moving_vessel.png,train/depth_camera_rgb/0032_c0_moving_vessel.png,0,moving_vessel,moving_vessel,"moving_vessel:33.10,6.53,0.42,2.52"
33,train,train/gated_range_view/0033_c3+1_small_fishing_boat+service_boat.png,train/depth_camera_rgb/0033_c3+1_small_fishing_boat+service_boat.png,3+1,fishing_boat+service_boat,small_fishing_boat+service_boat,"small_fishing_boat:23.39,-0.82,0.34,-1.27;service_boat:31.07,2.65,0.38,1.73"
34,train,train/gated_range_view/0034_c3_survey_boat.png,train/depth_camera_rgb/0034_c3_survey_boat.png,3,fishing_boat,survey_boat,"survey_boat:17.42,-0.45,0.36,-2.16"
35,val,val/gated_range_view/0035_c1+0_service_boat+moving_vessel.png,val/depth_camera_rgb/0035_c1+0_service_boat+moving_vessel.png,1+0,service_boat+moving_vessel,service_boat+moving_vessel,"service_boat:34.59,-3.48,0.38,1.10;moving_vessel:15.11,0.50,0.42,1.12"
36,train,train/gated_range_view/0036_c1_service_boat.png,train/depth_camera_rgb/0036_c1_service_boat.png,1,service_boat,service_boat,"service_boat:9.44,-0.09,0.38,-2.69"
37,train,train/gated_range_view/0037_c2_research_platform.png,train/depth_camera_rgb/0037_c2_research_platform.png,2,research_platform,research_platform,"research_platform:33.88,-0.69,2.00,0.82"
38,train,train/gated_range_view/0038_c2+0_research_platform+moving_vessel.png,train/depth_camera_rgb/0038_c2+0_research_platform+moving_vessel.png,2+0,research_platform+moving_vessel,research_platform+moving_vessel,"research_platform:22.37,-0.91,2.00,-1.69;moving_vessel:15.72,2.57,0.42,0.72"
39,train,train/gated_range_view/0039_c3+1_small_fishing_boat+service_boat.png,train/depth_camera_rgb/0039_c3+1_small_fishing_boat+service_boat.png,3+1,fishing_boat+service_boat,small_fishing_boat+service_boat,"small_fishing_boat:25.35,-1.54,0.34,0.91;service_boat:30.27,4.62,0.38,3.21"
40,val,val/gated_range_view/0040_c2+5_research_platform+fishnet_buoy.png,val/depth_camera_rgb/0040_c2+5_research_platform+fishnet_buoy.png,2+5,research_platform+obstacle,research_platform+fishnet_buoy,"research_platform:40.54,-2.10,2.00,-1.42;fishnet_buoy:28.56,1.82,0.30,1.61"
41,train,train/gated_range_view/0041_c0_moving_vessel.png,train/depth_camera_rgb/0041_c0_moving_vessel.png,0,moving_vessel,moving_vessel,"moving_vessel:36.65,-5.25,0.42,-1.05"
42,train,train/gated_range_view/0042_c4_cargo_ship_far.png,train/depth_camera_rgb/0042_c4_cargo_ship_far.png,4,ship_far,cargo_ship_far,"cargo_ship_far:90.41,0.43,1.05,-2.04"
43,train,train/gated_range_view/0043_c1_service_boat.png,train/depth_camera_rgb/0043_c1_service_boat.png,1,service_boat,service_boat,"service_boat:11.23,-1.38,0.38,0.15"
44,train,train/gated_range_view/0044_c0_moving_vessel.png,train/depth_camera_rgb/0044_c0_moving_vessel.png,0,moving_vessel,moving_vessel,"moving_vessel:21.88,3.82,0.42,1.65"
45,val,val/gated_range_view/0045_c1_service_boat.png,val/depth_camera_rgb/0045_c1_service_boat.png,1,service_boat,service_boat,"service_boat:18.56,-2.86,0.38,2.79"
46,train,train/gated_range_view/0046_c0+3_moving_vessel+survey_boat.png,train/depth_camera_rgb/0046_c0+3_moving_vessel+survey_boat.png,0+3,moving_vessel+fishing_boat,moving_vessel+survey_boat,"moving_vessel:23.78,-1.27,0.42,-2.60;survey_boat:18.12,2.47,0.36,-1.56"
47,train,train/gated_range_view/0047_c3_small_fishing_boat.png,train/depth_camera_rgb/0047_c3_small_fishing_boat.png,3,fishing_boat,small_fishing_boat,"small_fishing_boat:18.75,-3.49,0.34,3.20"
48,train,train/gated_range_view/0048_c0_moving_vessel.png,train/depth_camera_rgb/0048_c0_moving_vessel.png,0,moving_vessel,moving_vessel,"moving_vessel:32.05,-0.89,0.42,0.25"
49,train,train/gated_range_view/0049_c1_service_boat.png,train/depth_camera_rgb/0049_c1_service_boat.png,1,service_boat,service_boat,"service_boat:29.20,-4.52,0.38,-2.26"
50,val,val/gated_range_view/0050_c4+0_anchored_tanker+moving_vessel.png,val/depth_camera_rgb/0050_c4+0_anchored_tanker+moving_vessel.png,4+0,ship_far+moving_vessel,anchored_tanker+moving_vessel,"anchored_tanker:101.84,-6.60,1.05,2.80;moving_vessel:39.42,0.70,0.42,3.12"
51,train,train/gated_range_view/0051_c0_moving_vessel.png,train/depth_camera_rgb/0051_c0_moving_vessel.png,0,moving_vessel,moving_vessel,"moving_vessel:37.45,-1.54,0.42,-1.92"
52,train,train/gated_range_view/0052_c0+3_moving_vessel+survey_boat.png,train/depth_camera_rgb/0052_c0+3_moving_vessel+survey_boat.png,0+3,moving_vessel+fishing_boat,moving_vessel+survey_boat,"moving_vessel:34.01,-5.72,0.42,3.26;survey_boat:16.92,1.26,0.36,-0.98"
53,train,train/gated_range_view/0053_c3_small_fishing_boat.png,train/depth_camera_rgb/0053_c3_small_fishing_boat.png,3,fishing_boat,small_fishing_boat,"small_fishing_boat:18.97,-0.83,0.34,3.16"
54,train,train/gated_range_view/0054_c3+0_small_fishing_boat+moving_vessel.png,train/depth_camera_rgb/0054_c3+0_small_fishing_boat+moving_vessel.png,3+0,fishing_boat+moving_vessel,small_fishing_boat+moving_vessel,"small_fishing_boat:18.23,-1.98,0.34,-1.55;moving_vessel:35.32,4.65,0.42,1.83"
55,val,val/gated_range_view/0055_c0+1_moving_vessel+service_boat.png,val/depth_camera_rgb/0055_c0+1_moving_vessel+service_boat.png,0+1,moving_vessel+service_boat,moving_vessel+service_boat,"moving_vessel:13.68,-1.01,0.42,1.07;service_boat:28.97,1.75,0.38,2.03"
56,train,train/gated_range_view/0056_c2_research_platform.png,train/depth_camera_rgb/0056_c2_research_platform.png,2,research_platform,research_platform,"research_platform:24.13,1.51,2.00,2.26"
57,train,train/gated_range_view/0057_c1+0_service_boat+moving_vessel.png,train/depth_camera_rgb/0057_c1+0_service_boat+moving_vessel.png,1+0,service_boat+moving_vessel,service_boat+moving_vessel,"service_boat:31.84,-4.34,0.38,-1.85;moving_vessel:21.46,0.90,0.42,-2.41"
58,train,train/gated_range_view/0058_c2_research_platform.png,train/depth_camera_rgb/0058_c2_research_platform.png,2,research_platform,research_platform,"research_platform:28.72,1.14,2.00,1.50"
59,train,train/gated_range_view/0059_c0_moving_vessel.png,train/depth_camera_rgb/0059_c0_moving_vessel.png,0,moving_vessel,moving_vessel,"moving_vessel:21.13,2.58,0.42,-1.55"
60,val,val/gated_range_view/0060_c0_moving_vessel.png,val/depth_camera_rgb/0060_c0_moving_vessel.png,0,moving_vessel,moving_vessel,"moving_vessel:34.67,3.41,0.42,-3.06"
61,train,train/gated_range_view/0061_c2_research_platform.png,train/depth_camera_rgb/0061_c2_research_platform.png,2,research_platform,research_platform,"research_platform:31.51,5.95,2.00,2.80"
62,train,train/gated_range_view/0062_c0+2_moving_vessel+research_platform.png,train/depth_camera_rgb/0062_c0+2_moving_vessel+research_platform.png,0+2,moving_vessel+research_platform,moving_vessel+research_platform,"moving_vessel:11.04,-0.44,0.42,1.99;research_platform:30.09,2.41,2.00,-0.02"
63,train,train/gated_range_view/0063_c4_cargo_ship_far.png,train/depth_camera_rgb/0063_c4_cargo_ship_far.png,4,ship_far,cargo_ship_far,"cargo_ship_far:47.03,0.56,1.05,1.66"
64,train,train/gated_range_view/0064_c1_service_boat.png,train/depth_camera_rgb/0064_c1_service_boat.png,1,service_boat,service_boat,"service_boat:12.55,0.09,0.38,0.23"
65,val,val/gated_range_view/0065_c3_small_fishing_boat.png,val/depth_camera_rgb/0065_c3_small_fishing_boat.png,3,fishing_boat,small_fishing_boat,"small_fishing_boat:9.27,0.95,0.34,3.36"
66,train,train/gated_range_view/0066_c4+2_anchored_tanker+research_platform.png,train/depth_camera_rgb/0066_c4+2_anchored_tanker+research_platform.png,4+2,ship_far+research_platform,anchored_tanker+research_platform,"anchored_tanker:84.49,-0.55,1.05,3.04;research_platform:52.91,5.98,2.00,0.21"
67,train,train/gated_range_view/0067_c0_moving_vessel.png,train/depth_camera_rgb/0067_c0_moving_vessel.png,0,moving_vessel,moving_vessel,"moving_vessel:26.33,4.74,0.42,1.27"
68,train,train/gated_range_view/0068_c2+0_research_platform+moving_vessel.png,train/depth_camera_rgb/0068_c2+0_research_platform+moving_vessel.png,2+0,research_platform+moving_vessel,research_platform+moving_vessel,"research_platform:30.50,-0.55,2.00,0.43;moving_vessel:22.75,2.89,0.42,2.97"
69,train,train/gated_range_view/0069_c0_moving_vessel.png,train/depth_camera_rgb/0069_c0_moving_vessel.png,0,moving_vessel,moving_vessel,"moving_vessel:25.97,3.09,0.42,1.36"
70,val,val/gated_range_view/0070_c2_research_platform.png,val/depth_camera_rgb/0070_c2_research_platform.png,2,research_platform,research_platform,"research_platform:20.05,3.11,2.00,-2.86"
71,train,train/gated_range_view/0071_c3+1_small_fishing_boat+service_boat.png,train/depth_camera_rgb/0071_c3+1_small_fishing_boat+service_boat.png,3+1,fishing_boat+service_boat,small_fishing_boat+service_boat,"small_fishing_boat:31.44,-5.29,0.34,-2.48;service_boat:32.40,1.04,0.38,-1.29"
72,train,train/gated_range_view/0072_c2_research_platform.png,train/depth_camera_rgb/0072_c2_research_platform.png,2,research_platform,research_platform,"research_platform:39.98,-7.31,2.00,0.73"
73,train,train/gated_range_view/0073_c1_service_boat.png,train/depth_camera_rgb/0073_c1_service_boat.png,1,service_boat,service_boat,"service_boat:14.29,-2.07,0.38,0.96"
74,train,train/gated_range_view/0074_c4+2_anchored_tanker+research_platform.png,train/depth_camera_rgb/0074_c4+2_anchored_tanker+research_platform.png,4+2,ship_far+research_platform,anchored_tanker+research_platform,"anchored_tanker:75.06,-2.12,1.05,0.70;research_platform:29.07,5.15,2.00,0.49"
75,val,val/gated_range_view/0075_c1_service_boat.png,val/depth_camera_rgb/0075_c1_service_boat.png,1,service_boat,service_boat,"service_boat:23.36,4.76,0.38,1.33"
76,train,train/gated_range_view/0076_c3+0_survey_boat+moving_vessel.png,train/depth_camera_rgb/0076_c3+0_survey_boat+moving_vessel.png,3+0,fishing_boat+moving_vessel,survey_boat+moving_vessel,"survey_boat:21.71,-3.41,0.36,2.73;moving_vessel:30.52,1.94,0.42,-2.64"
77,train,train/gated_range_view/0077_c2+5_research_platform+floating_obstacle.png,train/depth_camera_rgb/0077_c2+5_research_platform+floating_obstacle.png,2+5,research_platform+obstacle,research_platform+floating_obstacle,"research_platform:45.11,-1.27,2.00,2.88;floating_obstacle:25.91,2.26,0.24,3.41"
78,train,train/gated_range_view/0078_c3_small_fishing_boat.png,train/depth_camera_rgb/0078_c3_small_fishing_boat.png,3,fishing_boat,small_fishing_boat,"small_fishing_boat:10.79,0.58,0.34,2.95"
79,train,train/gated_range_view/0079_c0+2_moving_vessel+research_platform.png,train/depth_camera_rgb/0079_c0+2_moving_vessel+research_platform.png,0+2,moving_vessel+research_platform,moving_vessel+research_platform,"moving_vessel:36.24,-2.72,0.42,-1.64;research_platform:37.44,4.63,2.00,-1.65"
80,val,val/gated_range_view/0080_c1_service_boat.png,val/depth_camera_rgb/0080_c1_service_boat.png,1,service_boat,service_boat,"service_boat:16.15,1.34,0.38,-3.12"
81,train,train/gated_range_view/0081_c2_research_platform.png,train/depth_camera_rgb/0081_c2_research_platform.png,2,research_platform,research_platform,"research_platform:46.90,-1.62,2.00,-2.99"
82,train,train/gated_range_view/0082_c3_small_fishing_boat.png,train/depth_camera_rgb/0082_c3_small_fishing_boat.png,3,fishing_boat,small_fishing_boat,"small_fishing_boat:9.48,1.11,0.34,-0.82"
83,train,train/gated_range_view/0083_c0_moving_vessel.png,train/depth_camera_rgb/0083_c0_moving_vessel.png,0,moving_vessel,moving_vessel,"moving_vessel:26.91,3.28,0.42,2.83"
84,train,train/gated_range_view/0084_c1+2_service_boat+research_platform.png,train/depth_camera_rgb/0084_c1+2_service_boat+research_platform.png,1+2,service_boat+research_platform,service_boat+research_platform,"service_boat:24.17,-4.25,0.38,-0.86;research_platform:40.47,6.71,2.00,-1.81"
85,val,val/gated_range_view/0085_c2+3_research_platform+small_fishing_boat.png,val/depth_camera_rgb/0085_c2+3_research_platform+small_fishing_boat.png,2+3,research_platform+fishing_boat,research_platform+small_fishing_boat,"research_platform:18.13,-2.94,2.00,-2.25;small_fishing_boat:19.48,2.88,0.34,-0.27"
86,train,train/gated_range_view/0086_c0_moving_vessel.png,train/depth_camera_rgb/0086_c0_moving_vessel.png,0,moving_vessel,moving_vessel,"moving_vessel:13.69,2.24,0.42,-0.64"
87,train,train/gated_range_view/0087_c2+3_research_platform+small_fishing_boat.png,train/depth_camera_rgb/0087_c2+3_research_platform+small_fishing_boat.png,2+3,research_platform+fishing_boat,research_platform+small_fishing_boat,"research_platform:34.56,-2.60,2.00,-0.10;small_fishing_boat:31.36,2.11,0.34,-1.66"
88,train,train/gated_range_view/0088_c5_floating_obstacle.png,train/depth_camera_rgb/0088_c5_floating_obstacle.png,5,obstacle,floating_obstacle,"floating_obstacle:21.95,4.58,0.24,1.09"
89,train,train/gated_range_view/0089_c2+0_research_platform+moving_vessel.png,train/depth_camera_rgb/0089_c2+0_research_platform+moving_vessel.png,2+0,research_platform+moving_vessel,research_platform+moving_vessel,"research_platform:50.47,-1.17,2.00,-2.28;moving_vessel:33.18,3.74,0.42,3.24"
90,val,val/gated_range_view/0090_c0_moving_vessel.png,val/depth_camera_rgb/0090_c0_moving_vessel.png,0,moving_vessel,moving_vessel,"moving_vessel:24.04,3.60,0.42,0.84"
91,train,train/gated_range_view/0091_c0_moving_vessel.png,train/depth_camera_rgb/0091_c0_moving_vessel.png,0,moving_vessel,moving_vessel,"moving_vessel:34.26,6.82,0.42,-2.38"
92,train,train/gated_range_view/0092_c2_research_platform.png,train/depth_camera_rgb/0092_c2_research_platform.png,2,research_platform,research_platform,"research_platform:46.52,0.75,2.00,-2.44"
93,train,train/gated_range_view/0093_c3+3_small_fishing_boat+survey_boat.png,train/depth_camera_rgb/0093_c3+3_small_fishing_boat+survey_boat.png,3+3,fishing_boat+fishing_boat,small_fishing_boat+survey_boat,"small_fishing_boat:29.66,-1.10,0.34,1.61;survey_boat:22.28,3.31,0.36,2.25"
94,train,train/gated_range_view/0094_c3_small_fishing_boat.png,train/depth_camera_rgb/0094_c3_small_fishing_boat.png,3,fishing_boat,small_fishing_boat,"small_fishing_boat:22.05,1.83,0.34,-1.68"
95,val,val/gated_range_view/0095_c0_moving_vessel.png,val/depth_camera_rgb/0095_c0_moving_vessel.png,0,moving_vessel,moving_vessel,"moving_vessel:30.48,5.63,0.42,-1.74"
96,train,train/gated_range_view/0096_c0_moving_vessel.png,train/depth_camera_rgb/0096_c0_moving_vessel.png,0,moving_vessel,moving_vessel,"moving_vessel:15.31,1.70,0.42,-2.44"
97,train,train/gated_range_view/0097_c1_service_boat.png,train/depth_camera_rgb/0097_c1_service_boat.png,1,service_boat,service_boat,"service_boat:13.28,2.64,0.38,3.20"
98,train,train/gated_range_view/0098_c3+1_survey_boat+service_boat.png,train/depth_camera_rgb/0098_c3+1_survey_boat+service_boat.png,3+1,fishing_boat+service_boat,survey_boat+service_boat,"survey_boat:26.73,-3.97,0.36,2.83;service_boat:37.81,2.79,0.38,-2.13"
99,train,train/gated_range_view/0099_c2_research_platform.png,train/depth_camera_rgb/0099_c2_research_platform.png,2,research_platform,research_platform,"research_platform:40.08,3.60,2.00,0.93"
100,val,val/gated_range_view/0100_c1+0_service_boat+moving_vessel.png,val/depth_camera_rgb/0100_c1+0_service_boat+moving_vessel.png,1+0,service_boat+moving_vessel,service_boat+moving_vessel,"service_boat:27.49,-3.51,0.38,1.88;moving_vessel:35.77,4.09,0.42,-1.84"
101,train,train/gated_range_view/0101_c0+1_moving_vessel+service_boat.png,train/depth_camera_rgb/0101_c0+1_moving_vessel+service_boat.png,0+1,moving_vessel+service_boat,moving_vessel+service_boat,"moving_vessel:22.25,-4.24,0.42,-2.69;service_boat:37.43,5.22,0.38,1.59"
102,train,train/gated_range_view/0102_c0+3_moving_vessel+small_fishing_boat.png,train/depth_camera_rgb/0102_c0+3_moving_vessel+small_fishing_boat.png,0+3,moving_vessel+fishing_boat,moving_vessel+small_fishing_boat,"moving_vessel:34.84,-2.69,0.42,-0.05;small_fishing_boat:41.27,2.83,0.34,-1.60"
103,train,train/gated_range_view/0103_c1_service_boat.png,train/depth_camera_rgb/0103_c1_service_boat.png,1,service_boat,service_boat,"service_boat:17.01,0.46,0.38,0.97"
104,train,train/gated_range_view/0104_c2_research_platform.png,train/depth_camera_rgb/0104_c2_research_platform.png,2,research_platform,research_platform,"research_platform:40.48,3.78,2.00,3.33"
105,val,val/gated_range_view/0105_c1_service_boat.png,val/depth_camera_rgb/0105_c1_service_boat.png,1,service_boat,service_boat,"service_boat:18.90,3.78,0.38,1.39"
106,train,train/gated_range_view/0106_c0_moving_vessel.png,train/depth_camera_rgb/0106_c0_moving_vessel.png,0,moving_vessel,moving_vessel,"moving_vessel:12.82,-0.50,0.42,-2.67"
107,train,train/gated_range_view/0107_c2+5_research_platform+fishnet_buoy.png,train/depth_camera_rgb/0107_c2+5_research_platform+fishnet_buoy.png,2+5,research_platform+obstacle,research_platform+fishnet_buoy,"research_platform:42.09,-2.48,2.00,1.89;fishnet_buoy:16.84,0.46,0.30,0.93"
108,train,train/gated_range_view/0108_c2_research_platform.png,train/depth_camera_rgb/0108_c2_research_platform.png,2,research_platform,research_platform,"research_platform:27.68,-4.69,2.00,-0.39"
109,train,train/gated_range_view/0109_c2+1_research_platform+service_boat.png,train/depth_camera_rgb/0109_c2+1_research_platform+service_boat.png,2+1,research_platform+service_boat,research_platform+service_boat,"research_platform:23.48,-3.58,2.00,-0.52;service_boat:23.09,1.12,0.38,-1.38"
110,val,val/gated_range_view/0110_c0_moving_vessel.png,val/depth_camera_rgb/0110_c0_moving_vessel.png,0,moving_vessel,moving_vessel,"moving_vessel:26.48,-0.69,0.42,3.24"
111,train,train/gated_range_view/0111_c1_service_boat.png,train/depth_camera_rgb/0111_c1_service_boat.png,1,service_boat,service_boat,"service_boat:17.23,1.94,0.38,-1.82"
112,train,train/gated_range_view/0112_c2_research_platform.png,train/depth_camera_rgb/0112_c2_research_platform.png,2,research_platform,research_platform,"research_platform:40.51,-7.95,2.00,0.34"
113,train,train/gated_range_view/0113_c2+0_research_platform+moving_vessel.png,train/depth_camera_rgb/0113_c2+0_research_platform+moving_vessel.png,2+0,research_platform+moving_vessel,research_platform+moving_vessel,"research_platform:42.57,-3.14,2.00,-1.20;moving_vessel:44.30,2.12,0.42,-0.16"
114,train,train/gated_range_view/0114_c1_service_boat.png,train/depth_camera_rgb/0114_c1_service_boat.png,1,service_boat,service_boat,"service_boat:24.37,-5.31,0.38,-2.19"
115,val,val/gated_range_view/0115_c0_moving_vessel.png,val/depth_camera_rgb/0115_c0_moving_vessel.png,0,moving_vessel,moving_vessel,"moving_vessel:37.39,4.81,0.42,-0.09"
116,train,train/gated_range_view/0116_c3_survey_boat.png,train/depth_camera_rgb/0116_c3_survey_boat.png,3,fishing_boat,survey_boat,"survey_boat:30.76,-4.26,0.36,2.89"
117,train,train/gated_range_view/0117_c4_anchored_tanker.png,train/depth_camera_rgb/0117_c4_anchored_tanker.png,4,ship_far,anchored_tanker,"anchored_tanker:74.51,1.81,1.05,0.28"
118,train,train/gated_range_view/0118_c3+1_small_fishing_boat+service_boat.png,train/depth_camera_rgb/0118_c3+1_small_fishing_boat+service_boat.png,3+1,fishing_boat+service_boat,small_fishing_boat+service_boat,"small_fishing_boat:12.94,-0.85,0.34,1.36;service_boat:24.45,3.12,0.38,1.26"
119,train,train/gated_range_view/0119_c0_moving_vessel.png,train/depth_camera_rgb/0119_c0_moving_vessel.png,0,moving_vessel,moving_vessel,"moving_vessel:16.18,1.51,0.42,-2.78"
120,val,val/gated_range_view/0120_c2_research_platform.png,val/depth_camera_rgb/0120_c2_research_platform.png,2,research_platform,research_platform,"research_platform:30.77,0.19,2.00,-3.09"
121,train,train/gated_range_view/0121_c3_survey_boat.png,train/depth_camera_rgb/0121_c3_survey_boat.png,3,fishing_boat,survey_boat,"survey_boat:20.70,1.37,0.36,0.78"
122,train,train/gated_range_view/0122_c1_service_boat.png,train/depth_camera_rgb/0122_c1_service_boat.png,1,service_boat,service_boat,"service_boat:23.77,2.29,0.38,-2.40"
123,train,train/gated_range_view/0123_c2_research_platform.png,train/depth_camera_rgb/0123_c2_research_platform.png,2,research_platform,research_platform,"research_platform:34.04,-6.33,2.00,-0.31"
124,train,train/gated_range_view/0124_c1+3_service_boat+small_fishing_boat.png,train/depth_camera_rgb/0124_c1+3_service_boat+small_fishing_boat.png,1+3,service_boat+fishing_boat,service_boat+small_fishing_boat,"service_boat:22.15,-3.72,0.38,1.38;small_fishing_boat:13.75,0.97,0.34,-0.56"
125,val,val/gated_range_view/0125_c1_service_boat.png,val/depth_camera_rgb/0125_c1_service_boat.png,1,service_boat,service_boat,"service_boat:26.45,-3.77,0.38,-0.11"
126,train,train/gated_range_view/0126_c3_survey_boat.png,train/depth_camera_rgb/0126_c3_survey_boat.png,3,fishing_boat,survey_boat,"survey_boat:23.24,-1.08,0.36,2.29"
127,train,train/gated_range_view/0127_c3+2_small_fishing_boat+research_platform.png,train/depth_camera_rgb/0127_c3+2_small_fishing_boat+research_platform.png,3+2,fishing_boat+research_platform,small_fishing_boat+research_platform,"small_fishing_boat:23.73,-1.46,0.34,3.44;research_platform:30.66,1.67,2.00,-0.12"
128,train,train/gated_range_view/0128_c3_small_fishing_boat.png,train/depth_camera_rgb/0128_c3_small_fishing_boat.png,3,fishing_boat,small_fishing_boat,"small_fishing_boat:25.73,5.47,0.34,2.65"
129,train,train/gated_range_view/0129_c3+2_survey_boat+research_platform.png,train/depth_camera_rgb/0129_c3+2_survey_boat+research_platform.png,3+2,fishing_boat+research_platform,survey_boat+research_platform,"survey_boat:28.53,-0.58,0.36,0.37;research_platform:43.13,6.57,2.00,-1.40"
130,val,val/gated_range_view/0130_c3_small_fishing_boat.png,val/depth_camera_rgb/0130_c3_small_fishing_boat.png,3,fishing_boat,small_fishing_boat,"small_fishing_boat:33.42,-6.59,0.34,2.72"
131,train,train/gated_range_view/0131_c0_moving_vessel.png,train/depth_camera_rgb/0131_c0_moving_vessel.png,0,moving_vessel,moving_vessel,"moving_vessel:13.08,-0.92,0.42,2.98"
132,train,train/gated_range_view/0132_c3_survey_boat.png,train/depth_camera_rgb/0132_c3_survey_boat.png,3,fishing_boat,survey_boat,"survey_boat:17.55,-1.03,0.36,-0.73"
133,train,train/gated_range_view/0133_c1+0_service_boat+moving_vessel.png,train/depth_camera_rgb/0133_c1+0_service_boat+moving_vessel.png,1+0,service_boat+moving_vessel,service_boat+moving_vessel,"service_boat:12.30,-2.57,0.38,0.22;moving_vessel:19.79,3.59,0.42,1.25"
134,train,train/gated_range_view/0134_c3_small_fishing_boat.png,train/depth_camera_rgb/0134_c3_small_fishing_boat.png,3,fishing_boat,small_fishing_boat,"small_fishing_boat:32.37,2.87,0.34,3.18"
135,val,val/gated_range_view/0135_c2_research_platform.png,val/depth_camera_rgb/0135_c2_research_platform.png,2,research_platform,research_platform,"research_platform:19.47,-2.46,2.00,2.56"
136,train,train/gated_range_view/0136_c1_service_boat.png,train/depth_camera_rgb/0136_c1_service_boat.png,1,service_boat,service_boat,"service_boat:27.37,0.89,0.38,1.76"
137,train,train/gated_range_view/0137_c3+5_survey_boat+fishnet_buoy.png,train/depth_camera_rgb/0137_c3+5_survey_boat+fishnet_buoy.png,3+5,fishing_boat+obstacle,survey_boat+fishnet_buoy,"survey_boat:28.64,-2.69,0.36,1.00;fishnet_buoy:29.54,3.58,0.30,1.78"
138,train,train/gated_range_view/0138_c1+5_service_boat+fishnet_buoy.png,train/depth_camera_rgb/0138_c1+5_service_boat+fishnet_buoy.png,1+5,service_boat+obstacle,service_boat+fishnet_buoy,"service_boat:21.88,-4.75,0.38,0.30;fishnet_buoy:22.18,1.61,0.30,3.21"
139,train,train/gated_range_view/0139_c3+0_small_fishing_boat+moving_vessel.png,train/depth_camera_rgb/0139_c3+0_small_fishing_boat+moving_vessel.png,3+0,fishing_boat+moving_vessel,small_fishing_boat+moving_vessel,"small_fishing_boat:16.16,-2.77,0.34,2.73;moving_vessel:15.79,1.06,0.42,-2.64"
140,val,val/gated_range_view/0140_c3_small_fishing_boat.png,val/depth_camera_rgb/0140_c3_small_fishing_boat.png,3,fishing_boat,small_fishing_boat,"small_fishing_boat:23.77,-3.16,0.34,2.15"
141,train,train/gated_range_view/0141_c0+2_moving_vessel+research_platform.png,train/depth_camera_rgb/0141_c0+2_moving_vessel+research_platform.png,0+2,moving_vessel+research_platform,moving_vessel+research_platform,"moving_vessel:18.96,-2.62,0.42,-2.24;research_platform:33.50,2.42,2.00,-2.34"
142,train,train/gated_range_view/0142_c0_moving_vessel.png,train/depth_camera_rgb/0142_c0_moving_vessel.png,0,moving_vessel,moving_vessel,"moving_vessel:34.75,-1.05,0.42,0.66"
143,train,train/gated_range_view/0143_c0_moving_vessel.png,train/depth_camera_rgb/0143_c0_moving_vessel.png,0,moving_vessel,moving_vessel,"moving_vessel:34.68,-1.26,0.42,1.89"
144,train,train/gated_range_view/0144_c2_research_platform.png,train/depth_camera_rgb/0144_c2_research_platform.png,2,research_platform,research_platform,"research_platform:33.84,5.09,2.00,3.03"
145,val,val/gated_range_view/0145_c1_service_boat.png,val/depth_camera_rgb/0145_c1_service_boat.png,1,service_boat,service_boat,"service_boat:29.70,5.56,0.38,2.87"
146,train,train/gated_range_view/0146_c0_moving_vessel.png,train/depth_camera_rgb/0146_c0_moving_vessel.png,0,moving_vessel,moving_vessel,"moving_vessel:28.75,3.31,0.42,0.73"
147,train,train/gated_range_view/0147_c3_small_fishing_boat.png,train/depth_camera_rgb/0147_c3_small_fishing_boat.png,3,fishing_boat,small_fishing_boat,"small_fishing_boat:13.44,-2.45,0.34,-1.59"
148,train,train/gated_range_view/0148_c3_small_fishing_boat.png,train/depth_camera_rgb/0148_c3_small_fishing_boat.png,3,fishing_boat,small_fishing_boat,"small_fishing_boat:25.10,-2.87,0.34,-1.77"
149,train,train/gated_range_view/0149_c1_service_boat.png,train/depth_camera_rgb/0149_c1_service_boat.png,1,service_boat,service_boat,"service_boat:28.02,6.04,0.38,-2.05"
150,val,val/gated_range_view/0150_c1_service_boat.png,val/depth_camera_rgb/0150_c1_service_boat.png,1,service_boat,service_boat,"service_boat:30.50,5.40,0.38,-0.19"
151,train,train/gated_range_view/0151_c1+0_service_boat+moving_vessel.png,train/depth_camera_rgb/0151_c1+0_service_boat+moving_vessel.png,1+0,service_boat+moving_vessel,service_boat+moving_vessel,"service_boat:29.00,-2.59,0.38,-0.21;moving_vessel:42.42,6.10,0.42,0.08"
152,train,train/gated_range_view/0152_c3_small_fishing_boat.png,train/depth_camera_rgb/0152_c3_small_fishing_boat.png,3,fishing_boat,small_fishing_boat,"small_fishing_boat:31.54,1.67,0.34,-2.59"
153,train,train/gated_range_view/0153_c3_small_fishing_boat.png,train/depth_camera_rgb/0153_c3_small_fishing_boat.png,3,fishing_boat,small_fishing_boat,"small_fishing_boat:15.93,-0.58,0.34,1.35"
154,train,train/gated_range_view/0154_c0_moving_vessel.png,train/depth_camera_rgb/0154_c0_moving_vessel.png,0,moving_vessel,moving_vessel,"moving_vessel:21.84,-2.87,0.42,1.76"
155,val,val/gated_range_view/0155_c5_fishnet_buoy.png,val/depth_camera_rgb/0155_c5_fishnet_buoy.png,5,obstacle,fishnet_buoy,"fishnet_buoy:21.46,-4.62,0.30,0.28"
156,train,train/gated_range_view/0156_c0_moving_vessel.png,train/depth_camera_rgb/0156_c0_moving_vessel.png,0,moving_vessel,moving_vessel,"moving_vessel:22.54,-1.98,0.42,0.61"
157,train,train/gated_range_view/0157_c3+1_small_fishing_boat+service_boat.png,train/depth_camera_rgb/0157_c3+1_small_fishing_boat+service_boat.png,3+1,fishing_boat+service_boat,small_fishing_boat+service_boat,"small_fishing_boat:29.72,-1.32,0.34,0.10;service_boat:18.57,1.40,0.38,1.34"
158,train,train/gated_range_view/0158_c0_moving_vessel.png,train/depth_camera_rgb/0158_c0_moving_vessel.png,0,moving_vessel,moving_vessel,"moving_vessel:14.85,-2.91,0.42,1.22"
159,train,train/gated_range_view/0159_c0_moving_vessel.png,train/depth_camera_rgb/0159_c0_moving_vessel.png,0,moving_vessel,moving_vessel,"moving_vessel:15.16,0.10,0.42,0.13"
160,val,val/gated_range_view/0160_c0_moving_vessel.png,val/depth_camera_rgb/0160_c0_moving_vessel.png,0,moving_vessel,moving_vessel,"moving_vessel:20.81,-3.44,0.42,1.70"
161,train,train/gated_range_view/0161_c1+2_service_boat+research_platform.png,train/depth_camera_rgb/0161_c1+2_service_boat+research_platform.png,1+2,service_boat+research_platform,service_boat+research_platform,"service_boat:17.97,-1.54,0.38,0.02;research_platform:53.15,4.69,2.00,-1.92"
162,train,train/gated_range_view/0162_c1+3_service_boat+survey_boat.png,train/depth_camera_rgb/0162_c1+3_service_boat+survey_boat.png,1+3,service_boat+fishing_boat,service_boat+survey_boat,"service_boat:24.59,-0.70,0.38,0.03;survey_boat:27.02,0.71,0.36,-1.97"
163,train,train/gated_range_view/0163_c0+3_moving_vessel+small_fishing_boat.png,train/depth_camera_rgb/0163_c0+3_moving_vessel+small_fishing_boat.png,0+3,moving_vessel+fishing_boat,moving_vessel+small_fishing_boat,"moving_vessel:27.04,-3.02,0.42,0.92;small_fishing_boat:36.30,4.72,0.34,1.40"
164,train,train/gated_range_view/0164_c2_research_platform.png,train/depth_camera_rgb/0164_c2_research_platform.png,2,research_platform,research_platform,"research_platform:37.82,2.49,2.00,3.42"
165,val,val/gated_range_view/0165_c3_small_fishing_boat.png,val/depth_camera_rgb/0165_c3_small_fishing_boat.png,3,fishing_boat,small_fishing_boat,"small_fishing_boat:8.76,-0.56,0.34,-0.93"
166,train,train/gated_range_view/0166_c2_research_platform.png,train/depth_camera_rgb/0166_c2_research_platform.png,2,research_platform,research_platform,"research_platform:27.10,-1.70,2.00,-2.85"
167,train,train/gated_range_view/0167_c0_moving_vessel.png,train/depth_camera_rgb/0167_c0_moving_vessel.png,0,moving_vessel,moving_vessel,"moving_vessel:22.90,0.59,0.42,1.50"
168,train,train/gated_range_view/0168_c3_survey_boat.png,train/depth_camera_rgb/0168_c3_survey_boat.png,3,fishing_boat,survey_boat,"survey_boat:11.60,-2.40,0.36,-0.29"
169,train,train/gated_range_view/0169_c0_moving_vessel.png,train/depth_camera_rgb/0169_c0_moving_vessel.png,0,moving_vessel,moving_vessel,"moving_vessel:21.34,-2.29,0.42,-1.97"
170,val,val/gated_range_view/0170_c4+1_anchored_tanker+service_boat.png,val/depth_camera_rgb/0170_c4+1_anchored_tanker+service_boat.png,4+1,ship_far+service_boat,anchored_tanker+service_boat,"anchored_tanker:96.41,-1.44,1.05,3.49;service_boat:38.13,6.39,0.38,2.25"
171,train,train/gated_range_view/0171_c3_small_fishing_boat.png,train/depth_camera_rgb/0171_c3_small_fishing_boat.png,3,fishing_boat,small_fishing_boat,"small_fishing_boat:12.93,1.50,0.34,-1.68"
172,train,train/gated_range_view/0172_c1_service_boat.png,train/depth_camera_rgb/0172_c1_service_boat.png,1,service_boat,service_boat,"service_boat:17.78,-0.50,0.38,1.90"
173,train,train/gated_range_view/0173_c2_research_platform.png,train/depth_camera_rgb/0173_c2_research_platform.png,2,research_platform,research_platform,"research_platform:19.63,2.97,2.00,-2.08"
174,train,train/gated_range_view/0174_c4_anchored_tanker.png,train/depth_camera_rgb/0174_c4_anchored_tanker.png,4,ship_far,anchored_tanker,"anchored_tanker:51.87,1.97,1.05,2.99"
175,val,val/gated_range_view/0175_c3_survey_boat.png,val/depth_camera_rgb/0175_c3_survey_boat.png,3,fishing_boat,survey_boat,"survey_boat:22.72,0.22,0.36,3.00"
176,train,train/gated_range_view/0176_c0+3_moving_vessel+small_fishing_boat.png,train/depth_camera_rgb/0176_c0+3_moving_vessel+small_fishing_boat.png,0+3,moving_vessel+fishing_boat,moving_vessel+small_fishing_boat,"moving_vessel:19.88,-1.81,0.42,0.65;small_fishing_boat:17.70,1.18,0.34,0.96"
177,train,train/gated_range_view/0177_c2+3_research_platform+small_fishing_boat.png,train/depth_camera_rgb/0177_c2+3_research_platform+small_fishing_boat.png,2+3,research_platform+fishing_boat,research_platform+small_fishing_boat,"research_platform:29.85,-2.50,2.00,2.03;small_fishing_boat:22.04,0.84,0.34,-0.27"
178,train,train/gated_range_view/0178_c2_research_platform.png,train/depth_camera_rgb/0178_c2_research_platform.png,2,research_platform,research_platform,"research_platform:22.96,-3.99,2.00,-1.35"
179,train,train/gated_range_view/0179_c3_small_fishing_boat.png,train/depth_camera_rgb/0179_c3_small_fishing_boat.png,3,fishing_boat,small_fishing_boat,"small_fishing_boat:24.01,-4.83,0.34,-1.32"
180,val,val/gated_range_view/0180_c0+1_moving_vessel+service_boat.png,val/depth_camera_rgb/0180_c0+1_moving_vessel+service_boat.png,0+1,moving_vessel+service_boat,moving_vessel+service_boat,"moving_vessel:11.64,-1.46,0.42,0.72;service_boat:16.19,0.41,0.38,0.22"
181,train,train/gated_range_view/0181_c3_small_fishing_boat.png,train/depth_camera_rgb/0181_c3_small_fishing_boat.png,3,fishing_boat,small_fishing_boat,"small_fishing_boat:16.95,0.29,0.34,1.26"
182,train,train/gated_range_view/0182_c3+2_small_fishing_boat+research_platform.png,train/depth_camera_rgb/0182_c3+2_small_fishing_boat+research_platform.png,3+2,fishing_boat+research_platform,small_fishing_boat+research_platform,"small_fishing_boat:11.30,-1.80,0.34,1.75;research_platform:35.49,0.37,2.00,0.86"
183,train,train/gated_range_view/0183_c3+5_small_fishing_boat+floating_container.png,train/depth_camera_rgb/0183_c3+5_small_fishing_boat+floating_container.png,3+5,fishing_boat+obstacle,small_fishing_boat+floating_container,"small_fishing_boat:22.84,-4.63,0.34,-1.41;floating_container:17.75,0.85,0.28,-2.71"
184,train,train/gated_range_view/0184_c5_fishnet_buoy.png,train/depth_camera_rgb/0184_c5_fishnet_buoy.png,5,obstacle,fishnet_buoy,"fishnet_buoy:26.51,4.93,0.30,-1.41"
185,val,val/gated_range_view/0185_c2+1_research_platform+service_boat.png,val/depth_camera_rgb/0185_c2+1_research_platform+service_boat.png,2+1,research_platform+service_boat,research_platform+service_boat,"research_platform:40.76,-6.11,2.00,2.66;service_boat:26.17,0.99,0.38,-1.63"
186,train,train/gated_range_view/0186_c3_small_fishing_boat.png,train/depth_camera_rgb/0186_c3_small_fishing_boat.png,3,fishing_boat,small_fishing_boat,"small_fishing_boat:25.91,5.12,0.34,-1.58"
187,train,train/gated_range_view/0187_c1_service_boat.png,train/depth_camera_rgb/0187_c1_service_boat.png,1,service_boat,service_boat,"service_boat:22.28,0.41,0.38,-1.49"
188,train,train/gated_range_view/0188_c2_research_platform.png,train/depth_camera_rgb/0188_c2_research_platform.png,2,research_platform,research_platform,"research_platform:43.80,-0.01,2.00,2.57"
189,train,train/gated_range_view/0189_c0_moving_vessel.png,train/depth_camera_rgb/0189_c0_moving_vessel.png,0,moving_vessel,moving_vessel,"moving_vessel:36.67,4.89,0.42,3.36"
190,val,val/gated_range_view/0190_c0_moving_vessel.png,val/depth_camera_rgb/0190_c0_moving_vessel.png,0,moving_vessel,moving_vessel,"moving_vessel:30.14,-4.33,0.42,0.19"
191,train,train/gated_range_view/0191_c2_research_platform.png,train/depth_camera_rgb/0191_c2_research_platform.png,2,research_platform,research_platform,"research_platform:35.37,3.44,2.00,2.47"
192,train,train/gated_range_view/0192_c0_moving_vessel.png,train/depth_camera_rgb/0192_c0_moving_vessel.png,0,moving_vessel,moving_vessel,"moving_vessel:20.42,3.84,0.42,0.34"
193,train,train/gated_range_view/0193_c0_moving_vessel.png,train/depth_camera_rgb/0193_c0_moving_vessel.png,0,moving_vessel,moving_vessel,"moving_vessel:36.51,6.76,0.42,-3.03"
194,train,train/gated_range_view/0194_c0_moving_vessel.png,train/depth_camera_rgb/0194_c0_moving_vessel.png,0,moving_vessel,moving_vessel,"moving_vessel:30.96,-6.38,0.42,0.34"
195,val,val/gated_range_view/0195_c1_service_boat.png,val/depth_camera_rgb/0195_c1_service_boat.png,1,service_boat,service_boat,"service_boat:17.93,1.36,0.38,3.12"
196,train,train/gated_range_view/0196_c1+5_service_boat+floating_container.png,train/depth_camera_rgb/0196_c1+5_service_boat+floating_container.png,1+5,service_boat+obstacle,service_boat+floating_container,"service_boat:23.59,-0.88,0.38,-1.60;floating_container:35.73,1.77,0.28,-2.40"
197,train,train/gated_range_view/0197_c2_research_platform.png,train/depth_camera_rgb/0197_c2_research_platform.png,2,research_platform,research_platform,"research_platform:28.67,-2.87,2.00,-0.80"
198,train,train/gated_range_view/0198_c5_fishnet_buoy.png,train/depth_camera_rgb/0198_c5_fishnet_buoy.png,5,obstacle,fishnet_buoy,"fishnet_buoy:9.90,0.38,0.30,2.09"
199,train,train/gated_range_view/0199_c0_moving_vessel.png,train/depth_camera_rgb/0199_c0_moving_vessel.png,0,moving_vessel,moving_vessel,"moving_vessel:13.58,2.03,0.42,-2.08"
200,val,val/gated_range_view/0200_c0_moving_vessel.png,val/depth_camera_rgb/0200_c0_moving_vessel.png,0,moving_vessel,moving_vessel,"moving_vessel:33.29,-6.35,0.42,-0.25"
201,train,train/gated_range_view/0201_c3+5_survey_boat+floating_container.png,train/depth_camera_rgb/0201_c3+5_survey_boat+floating_container.png,3+5,fishing_boat+obstacle,survey_boat+floating_container,"survey_boat:16.81,-0.94,0.36,0.99;floating_container:33.52,2.36,0.28,-1.42"
202,train,train/gated_range_view/0202_c2+3_research_platform+small_fishing_boat.png,train/depth_camera_rgb/0202_c2+3_research_platform+small_fishing_boat.png,2+3,research_platform+fishing_boat,research_platform+small_fishing_boat,"research_platform:27.63,-1.38,2.00,-0.06;small_fishing_boat:21.44,0.72,0.34,0.89"
203,train,train/gated_range_view/0203_c0_moving_vessel.png,train/depth_camera_rgb/0203_c0_moving_vessel.png,0,moving_vessel,moving_vessel,"moving_vessel:18.31,-3.32,0.42,-1.33"
204,train,train/gated_range_view/0204_c1+5_service_boat+fishnet_buoy.png,train/depth_camera_rgb/0204_c1+5_service_boat+fishnet_buoy.png,1+5,service_boat+obstacle,service_boat+fishnet_buoy,"service_boat:24.33,-2.28,0.38,-1.67;fishnet_buoy:17.55,2.73,0.30,-0.15"
205,val,val/gated_range_view/0205_c1_service_boat.png,val/depth_camera_rgb/0205_c1_service_boat.png,1,service_boat,service_boat,"service_boat:23.65,3.85,0.38,2.01"
206,train,train/gated_range_view/0206_c0_moving_vessel.png,train/depth_camera_rgb/0206_c0_moving_vessel.png,0,moving_vessel,moving_vessel,"moving_vessel:15.56,-3.18,0.42,-1.69"
207,train,train/gated_range_view/0207_c4_anchored_tanker.png,train/depth_camera_rgb/0207_c4_anchored_tanker.png,4,ship_far,anchored_tanker,"anchored_tanker:67.07,-5.02,1.05,-1.82"
208,train,train/gated_range_view/0208_c1+5_service_boat+fishnet_buoy.png,train/depth_camera_rgb/0208_c1+5_service_boat+fishnet_buoy.png,1+5,service_boat+obstacle,service_boat+fishnet_buoy,"service_boat:34.86,-6.32,0.38,-3.06;fishnet_buoy:32.70,3.88,0.30,0.41"
209,train,train/gated_range_view/0209_c3_survey_boat.png,train/depth_camera_rgb/0209_c3_survey_boat.png,3,fishing_boat,survey_boat,"survey_boat:20.11,-1.53,0.36,1.50"
210,val,val/gated_range_view/0210_c1+3_service_boat+survey_boat.png,val/depth_camera_rgb/0210_c1+3_service_boat+survey_boat.png,1+3,service_boat+fishing_boat,service_boat+survey_boat,"service_boat:20.06,-1.86,0.38,2.89;survey_boat:38.10,5.41,0.36,-1.80"
211,train,train/gated_range_view/0211_c3_survey_boat.png,train/depth_camera_rgb/0211_c3_survey_boat.png,3,fishing_boat,survey_boat,"survey_boat:35.76,6.12,0.36,1.88"
212,train,train/gated_range_view/0212_c1_service_boat.png,train/depth_camera_rgb/0212_c1_service_boat.png,1,service_boat,service_boat,"service_boat:15.04,0.93,0.38,0.88"
213,train,train/gated_range_view/0213_c4_cargo_ship_far.png,train/depth_camera_rgb/0213_c4_cargo_ship_far.png,4,ship_far,cargo_ship_far,"cargo_ship_far:50.21,-1.55,1.05,3.00"
214,train,train/gated_range_view/0214_c1_service_boat.png,train/depth_camera_rgb/0214_c1_service_boat.png,1,service_boat,service_boat,"service_boat:31.10,4.73,0.38,-1.47"
215,val,val/gated_range_view/0215_c2_research_platform.png,val/depth_camera_rgb/0215_c2_research_platform.png,2,research_platform,research_platform,"research_platform:19.62,-0.00,2.00,2.87"
216,train,train/gated_range_view/0216_c2+4_research_platform+cargo_ship_far.png,train/depth_camera_rgb/0216_c2+4_research_platform+cargo_ship_far.png,2+4,research_platform+ship_far,research_platform+cargo_ship_far,"research_platform:33.78,-1.79,2.00,-1.75;cargo_ship_far:76.85,2.33,1.05,-1.77"
217,train,train/gated_range_view/0217_c0_moving_vessel.png,train/depth_camera_rgb/0217_c0_moving_vessel.png,0,moving_vessel,moving_vessel,"moving_vessel:24.33,4.30,0.42,-1.34"
218,train,train/gated_range_view/0218_c0+3_moving_vessel+small_fishing_boat.png,train/depth_camera_rgb/0218_c0+3_moving_vessel+small_fishing_boat.png,0+3,moving_vessel+fishing_boat,moving_vessel+small_fishing_boat,"moving_vessel:29.45,-3.40,0.42,1.22;small_fishing_boat:21.13,2.67,0.34,3.42"
219,train,train/gated_range_view/0219_c1+5_service_boat+floating_container.png,train/depth_camera_rgb/0219_c1+5_service_boat+floating_container.png,1+5,service_boat+obstacle,service_boat+floating_container,"service_boat:25.68,-4.93,0.38,0.91;floating_container:22.61,0.96,0.28,2.85"
220,val,val/gated_range_view/0220_c0+2_moving_vessel+research_platform.png,val/depth_camera_rgb/0220_c0+2_moving_vessel+research_platform.png,0+2,moving_vessel+research_platform,moving_vessel+research_platform,"moving_vessel:11.43,-0.85,0.42,1.78;research_platform:24.68,1.74,2.00,0.21"
221,train,train/gated_range_view/0221_c1+5_service_boat+floating_container.png,train/depth_camera_rgb/0221_c1+5_service_boat+floating_container.png,1+5,service_boat+obstacle,service_boat+floating_container,"service_boat:12.48,-1.24,0.38,-0.85;floating_container:19.58,0.48,0.28,-0.75"
222,train,train/gated_range_view/0222_c0+3_moving_vessel+small_fishing_boat.png,train/depth_camera_rgb/0222_c0+3_moving_vessel+small_fishing_boat.png,0+3,moving_vessel+fishing_boat,moving_vessel+small_fishing_boat,"moving_vessel:29.72,-4.98,0.42,2.79;small_fishing_boat:18.26,1.03,0.34,1.16"
223,train,train/gated_range_view/0223_c2+1_research_platform+service_boat.png,train/depth_camera_rgb/0223_c2+1_research_platform+service_boat.png,2+1,research_platform+service_boat,research_platform+service_boat,"research_platform:35.42,-1.98,2.00,3.18;service_boat:30.72,1.44,0.38,1.62"
224,train,train/gated_range_view/0224_c1_service_boat.png,train/depth_camera_rgb/0224_c1_service_boat.png,1,service_boat,service_boat,"service_boat:28.78,-2.28,0.38,1.87"
225,val,val/gated_range_view/0225_c2_research_platform.png,val/depth_camera_rgb/0225_c2_research_platform.png,2,research_platform,research_platform,"research_platform:36.02,0.39,2.00,1.44"
226,train,train/gated_range_view/0226_c1+0_service_boat+moving_vessel.png,train/depth_camera_rgb/0226_c1+0_service_boat+moving_vessel.png,1+0,service_boat+moving_vessel,service_boat+moving_vessel,"service_boat:29.13,-1.36,0.38,0.46;moving_vessel:35.97,2.21,0.42,1.32"
227,train,train/gated_range_view/0227_c1+3_service_boat+small_fishing_boat.png,train/depth_camera_rgb/0227_c1+3_service_boat+small_fishing_boat.png,1+3,service_boat+fishing_boat,service_boat+small_fishing_boat,"service_boat:26.29,-3.41,0.38,-1.88;small_fishing_boat:40.42,2.86,0.34,0.47"
228,train,train/gated_range_view/0228_c1+0_service_boat+moving_vessel.png,train/depth_camera_rgb/0228_c1+0_service_boat+moving_vessel.png,1+0,service_boat+moving_vessel,service_boat+moving_vessel,"service_boat:27.58,-2.54,0.38,0.61;moving_vessel:41.84,2.89,0.42,-2.69"
229,train,train/gated_range_view/0229_c1_service_boat.png,train/depth_camera_rgb/0229_c1_service_boat.png,1,service_boat,service_boat,"service_boat:18.20,2.21,0.38,2.58"
230,val,val/gated_range_view/0230_c1+5_service_boat+floating_container.png,val/depth_camera_rgb/0230_c1+5_service_boat+floating_container.png,1+5,service_boat+obstacle,service_boat+floating_container,"service_boat:24.67,-4.84,0.38,-1.90;floating_container:34.22,1.51,0.28,1.73"
231,train,train/gated_range_view/0231_c3+2_small_fishing_boat+research_platform.png,train/depth_camera_rgb/0231_c3+2_small_fishing_boat+research_platform.png,3+2,fishing_boat+research_platform,small_fishing_boat+research_platform,"small_fishing_boat:13.66,-1.77,0.34,-1.97;research_platform:38.10,1.48,2.00,-1.68"
232,train,train/gated_range_view/0232_c1_service_boat.png,train/depth_camera_rgb/0232_c1_service_boat.png,1,service_boat,service_boat,"service_boat:27.12,1.75,0.38,1.30"
233,train,train/gated_range_view/0233_c2_research_platform.png,train/depth_camera_rgb/0233_c2_research_platform.png,2,research_platform,research_platform,"research_platform:33.51,6.77,2.00,2.56"
234,train,train/gated_range_view/0234_c1_service_boat.png,train/depth_camera_rgb/0234_c1_service_boat.png,1,service_boat,service_boat,"service_boat:24.68,-1.89,0.38,0.27"
235,val,val/gated_range_view/0235_c1_service_boat.png,val/depth_camera_rgb/0235_c1_service_boat.png,1,service_boat,service_boat,"service_boat:13.31,-1.11,0.38,0.17"
236,train,train/gated_range_view/0236_c0_moving_vessel.png,train/depth_camera_rgb/0236_c0_moving_vessel.png,0,moving_vessel,moving_vessel,"moving_vessel:24.10,3.81,0.42,1.32"
237,train,train/gated_range_view/0237_c0_moving_vessel.png,train/depth_camera_rgb/0237_c0_moving_vessel.png,0,moving_vessel,moving_vessel,"moving_vessel:34.79,2.41,0.42,1.58"
238,train,train/gated_range_view/0238_c1_service_boat.png,train/depth_camera_rgb/0238_c1_service_boat.png,1,service_boat,service_boat,"service_boat:18.79,1.44,0.38,-1.39"
239,train,train/gated_range_view/0239_c3+0_small_fishing_boat+moving_vessel.png,train/depth_camera_rgb/0239_c3+0_small_fishing_boat+moving_vessel.png,3+0,fishing_boat+moving_vessel,small_fishing_boat+moving_vessel,"small_fishing_boat:29.32,-4.78,0.34,-0.66;moving_vessel:29.87,3.89,0.42,-0.19"
240,val,val/gated_range_view/0240_c2_research_platform.png,val/depth_camera_rgb/0240_c2_research_platform.png,2,research_platform,research_platform,"research_platform:28.39,-2.29,2.00,-1.31"
241,train,train/gated_range_view/0241_c2_research_platform.png,train/depth_camera_rgb/0241_c2_research_platform.png,2,research_platform,research_platform,"research_platform:28.36,-3.13,2.00,-1.48"
242,train,train/gated_range_view/0242_c1_service_boat.png,train/depth_camera_rgb/0242_c1_service_boat.png,1,service_boat,service_boat,"service_boat:30.64,-3.44,0.38,0.71"
243,train,train/gated_range_view/0243_c3+2_small_fishing_boat+research_platform.png,train/depth_camera_rgb/0243_c3+2_small_fishing_boat+research_platform.png,3+2,fishing_boat+research_platform,small_fishing_boat+research_platform,"small_fishing_boat:23.19,-5.08,0.34,1.00;research_platform:41.26,1.94,2.00,3.13"
244,train,train/gated_range_view/0244_c3_small_fishing_boat.png,train/depth_camera_rgb/0244_c3_small_fishing_boat.png,3,fishing_boat,small_fishing_boat,"small_fishing_boat:33.28,-6.42,0.34,-0.28"
245,val,val/gated_range_view/0245_c2_research_platform.png,val/depth_camera_rgb/0245_c2_research_platform.png,2,research_platform,research_platform,"research_platform:41.13,3.64,2.00,-1.40"
246,train,train/gated_range_view/0246_c3_survey_boat.png,train/depth_camera_rgb/0246_c3_survey_boat.png,3,fishing_boat,survey_boat,"survey_boat:24.41,2.65,0.36,-0.95"
247,train,train/gated_range_view/0247_c0+3_moving_vessel+survey_boat.png,train/depth_camera_rgb/0247_c0+3_moving_vessel+survey_boat.png,0+3,moving_vessel+fishing_boat,moving_vessel+survey_boat,"moving_vessel:16.71,-3.10,0.42,2.36;survey_boat:39.40,0.45,0.36,1.33"
248,train,train/gated_range_view/0248_c3+1_small_fishing_boat+service_boat.png,train/depth_camera_rgb/0248_c3+1_small_fishing_boat+service_boat.png,3+1,fishing_boat+service_boat,small_fishing_boat+service_boat,"small_fishing_boat:17.69,-0.46,0.34,1.96;service_boat:23.07,1.57,0.38,0.05"
249,train,train/gated_range_view/0249_c1_service_boat.png,train/depth_camera_rgb/0249_c1_service_boat.png,1,service_boat,service_boat,"service_boat:20.41,-0.17,0.38,3.21"
250,val,val/gated_range_view/0250_c3_small_fishing_boat.png,val/depth_camera_rgb/0250_c3_small_fishing_boat.png,3,fishing_boat,small_fishing_boat,"small_fishing_boat:10.23,1.70,0.34,1.99"
251,train,train/gated_range_view/0251_c1+0_service_boat+moving_vessel.png,train/depth_camera_rgb/0251_c1+0_service_boat+moving_vessel.png,1+0,service_boat+moving_vessel,service_boat+moving_vessel,"service_boat:33.73,-2.66,0.38,3.13;moving_vessel:40.96,7.18,0.42,2.52"
252,train,train/gated_range_view/0252_c3_small_fishing_boat.png,train/depth_camera_rgb/0252_c3_small_fishing_boat.png,3,fishing_boat,small_fishing_boat,"small_fishing_boat:13.88,0.50,0.34,-0.29"
253,train,train/gated_range_view/0253_c1_service_boat.png,train/depth_camera_rgb/0253_c1_service_boat.png,1,service_boat,service_boat,"service_boat:19.41,1.57,0.38,-1.59"
254,train,train/gated_range_view/0254_c1+5_service_boat+fishnet_buoy.png,train/depth_camera_rgb/0254_c1+5_service_boat+fishnet_buoy.png,1+5,service_boat+obstacle,service_boat+fishnet_buoy,"service_boat:27.33,-3.42,0.38,-1.61;fishnet_buoy:23.95,0.84,0.30,-1.03"
255,val,val/gated_range_view/0255_c1+2_service_boat+research_platform.png,val/depth_camera_rgb/0255_c1+2_service_boat+research_platform.png,1+2,service_boat+research_platform,service_boat+research_platform,"service_boat:11.18,-1.07,0.38,-0.83;research_platform:31.24,4.90,2.00,-1.02"
256,train,train/gated_range_view/0256_c0_moving_vessel.png,train/depth_camera_rgb/0256_c0_moving_vessel.png,0,moving_vessel,moving_vessel,"moving_vessel:31.05,2.90,0.42,-2.82"
257,train,train/gated_range_view/0257_c3+4_small_fishing_boat+cargo_ship_far.png,train/depth_camera_rgb/0257_c3+4_small_fishing_boat+cargo_ship_far.png,3+4,fishing_boat+ship_far,small_fishing_boat+cargo_ship_far,"small_fishing_boat:10.70,-0.80,0.34,3.21;cargo_ship_far:91.06,2.27,1.05,-1.60"
258,train,train/gated_range_view/0258_c1_service_boat.png,train/depth_camera_rgb/0258_c1_service_boat.png,1,service_boat,service_boat,"service_boat:32.27,1.27,0.38,2.46"
259,train,train/gated_range_view/0259_c0+3_moving_vessel+survey_boat.png,train/depth_camera_rgb/0259_c0+3_moving_vessel+survey_boat.png,0+3,moving_vessel+fishing_boat,moving_vessel+survey_boat,"moving_vessel:26.01,-1.79,0.42,-1.49;survey_boat:22.49,1.33,0.36,2.82"
260,val,val/gated_range_view/0260_c2_research_platform.png,val/depth_camera_rgb/0260_c2_research_platform.png,2,research_platform,research_platform,"research_platform:51.10,-6.92,2.00,3.09"
261,train,train/gated_range_view/0261_c3_survey_boat.png,train/depth_camera_rgb/0261_c3_survey_boat.png,3,fishing_boat,survey_boat,"survey_boat:11.79,-2.31,0.36,1.59"
262,train,train/gated_range_view/0262_c0_moving_vessel.png,train/depth_camera_rgb/0262_c0_moving_vessel.png,0,moving_vessel,moving_vessel,"moving_vessel:33.71,0.78,0.42,0.44"
263,train,train/gated_range_view/0263_c0+1_moving_vessel+service_boat.png,train/depth_camera_rgb/0263_c0+1_moving_vessel+service_boat.png,0+1,moving_vessel+service_boat,moving_vessel+service_boat,"moving_vessel:20.18,-3.86,0.42,-2.03;service_boat:28.77,1.49,0.38,-1.47"
264,train,train/gated_range_view/0264_c2_research_platform.png,train/depth_camera_rgb/0264_c2_research_platform.png,2,research_platform,research_platform,"research_platform:36.46,3.04,2.00,-1.63"
265,val,val/gated_range_view/0265_c2_research_platform.png,val/depth_camera_rgb/0265_c2_research_platform.png,2,research_platform,research_platform,"research_platform:43.15,1.37,2.00,1.86"
266,train,train/gated_range_view/0266_c0_moving_vessel.png,train/depth_camera_rgb/0266_c0_moving_vessel.png,0,moving_vessel,moving_vessel,"moving_vessel:14.32,2.41,0.42,0.24"
267,train,train/gated_range_view/0267_c0+3_moving_vessel+small_fishing_boat.png,train/depth_camera_rgb/0267_c0+3_moving_vessel+small_fishing_boat.png,0+3,moving_vessel+fishing_boat,moving_vessel+small_fishing_boat,"moving_vessel:37.57,-5.88,0.42,3.46;small_fishing_boat:21.58,1.26,0.34,1.58"
268,train,train/gated_range_view/0268_c3_survey_boat.png,train/depth_camera_rgb/0268_c3_survey_boat.png,3,fishing_boat,survey_boat,"survey_boat:31.81,6.82,0.36,3.31"
269,train,train/gated_range_view/0269_c0+3_moving_vessel+small_fishing_boat.png,train/depth_camera_rgb/0269_c0+3_moving_vessel+small_fishing_boat.png,0+3,moving_vessel+fishing_boat,moving_vessel+small_fishing_boat,"moving_vessel:37.99,-5.99,0.42,-0.72;small_fishing_boat:19.20,1.25,0.34,0.22"
270,val,val/gated_range_view/0270_c1+0_service_boat+moving_vessel.png,val/depth_camera_rgb/0270_c1+0_service_boat+moving_vessel.png,1+0,service_boat+moving_vessel,service_boat+moving_vessel,"service_boat:14.69,-0.64,0.38,-1.85;moving_vessel:22.32,3.16,0.42,2.94"
271,train,train/gated_range_view/0271_c0_moving_vessel.png,train/depth_camera_rgb/0271_c0_moving_vessel.png,0,moving_vessel,moving_vessel,"moving_vessel:14.12,-0.01,0.42,2.89"
272,train,train/gated_range_view/0272_c2+3_research_platform+survey_boat.png,train/depth_camera_rgb/0272_c2+3_research_platform+survey_boat.png,2+3,research_platform+fishing_boat,research_platform+survey_boat,"research_platform:34.90,-1.22,2.00,-1.79;survey_boat:43.25,0.51,0.36,-1.37"
273,train,train/gated_range_view/0273_c0+3_moving_vessel+small_fishing_boat.png,train/depth_camera_rgb/0273_c0+3_moving_vessel+small_fishing_boat.png,0+3,moving_vessel+fishing_boat,moving_vessel+small_fishing_boat,"moving_vessel:28.90,-1.19,0.42,-0.17;small_fishing_boat:13.82,1.14,0.34,-0.96"
274,train,train/gated_range_view/0274_c1+0_service_boat+moving_vessel.png,train/depth_camera_rgb/0274_c1+0_service_boat+moving_vessel.png,1+0,service_boat+moving_vessel,service_boat+moving_vessel,"service_boat:34.25,-2.16,0.38,2.98;moving_vessel:28.28,4.01,0.42,0.33"
275,val,val/gated_range_view/0275_c3+1_small_fishing_boat+service_boat.png,val/depth_camera_rgb/0275_c3+1_small_fishing_boat+service_boat.png,3+1,fishing_boat+service_boat,small_fishing_boat+service_boat,"small_fishing_boat:25.23,-2.42,0.34,1.86;service_boat:18.22,1.47,0.38,0.32"
276,train,train/gated_range_view/0276_c1_service_boat.png,train/depth_camera_rgb/0276_c1_service_boat.png,1,service_boat,service_boat,"service_boat:11.41,-1.22,0.38,0.08"
277,train,train/gated_range_view/0277_c1_service_boat.png,train/depth_camera_rgb/0277_c1_service_boat.png,1,service_boat,service_boat,"service_boat:21.75,0.49,0.38,-1.93"
278,train,train/gated_range_view/0278_c2_research_platform.png,train/depth_camera_rgb/0278_c2_research_platform.png,2,research_platform,research_platform,"research_platform:37.12,-6.22,2.00,0.67"
279,train,train/gated_range_view/0279_c0+3_moving_vessel+survey_boat.png,train/depth_camera_rgb/0279_c0+3_moving_vessel+survey_boat.png,0+3,moving_vessel+fishing_boat,moving_vessel+survey_boat,"moving_vessel:33.52,-5.06,0.42,2.67;survey_boat:21.76,3.22,0.36,2.81"
280,val,val/gated_range_view/0280_c0+3_moving_vessel+survey_boat.png,val/depth_camera_rgb/0280_c0+3_moving_vessel+survey_boat.png,0+3,moving_vessel+fishing_boat,moving_vessel+survey_boat,"moving_vessel:10.32,-0.88,0.42,1.66;survey_boat:22.39,1.73,0.36,-0.07"
281,train,train/gated_range_view/0281_c3_survey_boat.png,train/depth_camera_rgb/0281_c3_survey_boat.png,3,fishing_boat,survey_boat,"survey_boat:17.66,0.98,0.36,0.52"
282,train,train/gated_range_view/0282_c0_moving_vessel.png,train/depth_camera_rgb/0282_c0_moving_vessel.png,0,moving_vessel,moving_vessel,"moving_vessel:34.78,3.58,0.42,3.27"
283,train,train/gated_range_view/0283_c1+5_service_boat+fishnet_buoy.png,train/depth_camera_rgb/0283_c1+5_service_boat+fishnet_buoy.png,1+5,service_boat+obstacle,service_boat+fishnet_buoy,"service_boat:29.50,-2.51,0.38,1.73;fishnet_buoy:25.10,2.59,0.30,-2.19"
284,train,train/gated_range_view/0284_c0+2_moving_vessel+research_platform.png,train/depth_camera_rgb/0284_c0+2_moving_vessel+research_platform.png,0+2,moving_vessel+research_platform,moving_vessel+research_platform,"moving_vessel:35.22,-1.96,0.42,1.26;research_platform:28.18,2.32,2.00,-1.56"
285,val,val/gated_range_view/0285_c3_small_fishing_boat.png,val/depth_camera_rgb/0285_c3_small_fishing_boat.png,3,fishing_boat,small_fishing_boat,"small_fishing_boat:25.57,2.29,0.34,1.68"
286,train,train/gated_range_view/0286_c2_research_platform.png,train/depth_camera_rgb/0286_c2_research_platform.png,2,research_platform,research_platform,"research_platform:31.88,-0.52,2.00,-1.73"
287,train,train/gated_range_view/0287_c3_survey_boat.png,train/depth_camera_rgb/0287_c3_survey_boat.png,3,fishing_boat,survey_boat,"survey_boat:21.61,4.64,0.36,1.76"
288,train,train/gated_range_view/0288_c3_survey_boat.png,train/depth_camera_rgb/0288_c3_survey_boat.png,3,fishing_boat,survey_boat,"survey_boat:16.26,-0.96,0.36,-1.28"
289,train,train/gated_range_view/0289_c0+3_moving_vessel+survey_boat.png,train/depth_camera_rgb/0289_c0+3_moving_vessel+survey_boat.png,0+3,moving_vessel+fishing_boat,moving_vessel+survey_boat,"moving_vessel:32.50,-1.95,0.42,-1.52;survey_boat:17.65,1.14,0.36,0.26"
290,val,val/gated_range_view/0290_c1+0_service_boat+moving_vessel.png,val/depth_camera_rgb/0290_c1+0_service_boat+moving_vessel.png,1+0,service_boat+moving_vessel,service_boat+moving_vessel,"service_boat:17.40,-1.43,0.38,-2.85;moving_vessel:42.13,5.41,0.42,-2.58"
291,train,train/gated_range_view/0291_c0_moving_vessel.png,train/depth_camera_rgb/0291_c0_moving_vessel.png,0,moving_vessel,moving_vessel,"moving_vessel:21.70,2.55,0.42,0.61"
292,train,train/gated_range_view/0292_c2_research_platform.png,train/depth_camera_rgb/0292_c2_research_platform.png,2,research_platform,research_platform,"research_platform:45.32,-2.03,2.00,-0.34"
293,train,train/gated_range_view/0293_c3+5_small_fishing_boat+floating_obstacle.png,train/depth_camera_rgb/0293_c3+5_small_fishing_boat+floating_obstacle.png,3+5,fishing_boat+obstacle,small_fishing_boat+floating_obstacle,"small_fishing_boat:22.14,-0.46,0.34,-1.49;floating_obstacle:24.69,2.94,0.24,1.29"
294,train,train/gated_range_view/0294_c4_cargo_ship_far.png,train/depth_camera_rgb/0294_c4_cargo_ship_far.png,4,ship_far,cargo_ship_far,"cargo_ship_far:50.77,-0.73,1.05,0.76"
295,val,val/gated_range_view/0295_c3_survey_boat.png,val/depth_camera_rgb/0295_c3_survey_boat.png,3,fishing_boat,survey_boat,"survey_boat:32.44,-2.62,0.36,2.58"
296,train,train/gated_range_view/0296_c0_moving_vessel.png,train/depth_camera_rgb/0296_c0_moving_vessel.png,0,moving_vessel,moving_vessel,"moving_vessel:30.77,4.72,0.42,0.11"
297,train,train/gated_range_view/0297_c3_survey_boat.png,train/depth_camera_rgb/0297_c3_survey_boat.png,3,fishing_boat,survey_boat,"survey_boat:26.92,1.35,0.36,-1.75"
298,train,train/gated_range_view/0298_c1_service_boat.png,train/depth_camera_rgb/0298_c1_service_boat.png,1,service_boat,service_boat,"service_boat:18.23,1.49,0.38,-1.53"
299,train,train/gated_range_view/0299_c1_service_boat.png,train/depth_camera_rgb/0299_c1_service_boat.png,1,service_boat,service_boat,"service_boat:15.98,1.77,0.38,-0.78"
