epoch,time,train/box_loss,train/cls_loss,train/dfl_loss,metrics/precision(B),metrics/recall(B),metrics/mAP50(B),metrics/mAP50-95(B),val/box_loss,val/cls_loss,val/dfl_loss,lr/pg0,lr/pg1,lr/pg2,lr/pg3,lr/pg4,lr/pg5,lr/pg6,lr/pg7
1,4.42459,3.79648,6.60885,4.68678,0,0,0,0,3.04313,6.08187,4.16052,0.00069,0.00023,0.00069,0.00023,0.00069,0.00023,0.00069,0.00023
2,6.60654,3.67664,6.34445,4.72011,0,0,0,0,3.04617,6.09302,4.16264,0.00139604,0.000465347,0.00139604,0.000465347,0.00139604,0.000465347,0.00139604,0.000465347
3,8.76741,3.64894,6.22537,4.61948,0,0,0,0,3.04905,6.1033,4.16516,0.00208783,0.000695942,0.00208783,0.000695942,0.00208783,0.000695942,0.00208783,0.000695942
4,10.7849,3.74965,6.24081,4.47093,0,0,0,0,3.05126,6.11166,4.16755,0.00276535,0.000921785,0.00276535,0.000921785,0.00276535,0.000921785,0.00276535,0.000921785
5,12.8211,3.8062,6.11284,4.49008,0,0,0,0,3.05366,6.12088,4.16982,0.0028812,0.0009604,0.0028812,0.0009604,0.0028812,0.0009604,0.0028812,0.0009604
6,14.8783,3.82306,6.17228,4.36392,0,0,0,0,3.05484,6.13363,4.17007,0.0028515,0.0009505,0.0028515,0.0009505,0.0028515,0.0009505,0.0028515,0.0009505
7,16.9099,3.73441,5.92041,4.33611,0,0,0,0,3.05058,6.16857,4.1685,0.0028218,0.0009406,0.0028218,0.0009406,0.0028218,0.0009406,0.0028218,0.0009406
8,18.9484,3.55469,5.87613,4.29115,0,0,0,0,3.04087,6.17646,4.15938,0.0027921,0.0009307,0.0027921,0.0009307,0.0027921,0.0009307,0.0027921,0.0009307
9,20.9919,3.7834,5.79986,4.28215,0,0,0,0,2.97071,6.10925,4.13744,0.0027624,0.0009208,0.0027624,0.0009208,0.0027624,0.0009208,0.0027624,0.0009208
10,23.0343,3.72643,5.7972,4.2529,0,0,0,0,2.90683,6.03271,4.12285,0.0027327,0.0009109,0.0027327,0.0009109,0.0027327,0.0009109,0.0027327,0.0009109
11,25.066,3.83171,5.83827,4.23652,0,0,0,0,2.92543,5.97169,4.13754,0.002703,0.000901,0.002703,0.000901,0.002703,0.000901,0.002703,0.000901
12,27.103,3.76518,5.85009,4.23059,5e-05,0.01389,0.00017,3e-05,2.94552,6.00027,4.14049,0.0026733,0.0008911,0.0026733,0.0008911,0.0026733,0.0008911,0.0026733,0.0008911
13,29.1378,3.59704,5.58572,4.1997,0.00016,0.04167,0.00017,5e-05,2.92469,5.97675,4.12073,0.0026436,0.0008812,0.0026436,0.0008812,0.0026436,0.0008812,0.0026436,0.0008812
14,31.1831,3.36352,5.70106,4.20819,0.0005,0.09496,0.0011,0.00025,2.87207,6.0694,4.0595,0.0026139,0.0008713,0.0026139,0.0008713,0.0026139,0.0008713,0.0026139,0.0008713
15,33.2255,3.64791,5.75495,4.20045,0.00073,0.11639,0.01333,0.00263,2.799,6.14741,4.04557,0.0025842,0.0008614,0.0025842,0.0008614,0.0025842,0.0008614,0.0025842,0.0008614
16,35.2753,3.593,5.54391,4.20269,0.00112,0.1685,0.01675,0.00307,2.77273,5.99177,4.07855,0.0025545,0.0008515,0.0025545,0.0008515,0.0025545,0.0008515,0.0025545,0.0008515
17,37.3165,3.52075,5.42027,4.20049,0.00155,0.26664,0.03294,0.00942,2.7345,6.07838,4.02409,0.0025248,0.0008416,0.0025248,0.0008416,0.0025248,0.0008416,0.0025248,0.0008416
18,39.3558,3.54413,5.34014,4.1755,0.00164,0.29518,0.01718,0.00447,2.75644,5.92102,4.06877,0.0024951,0.0008317,0.0024951,0.0008317,0.0024951,0.0008317,0.0024951,0.0008317
19,41.3922,3.41111,5.22063,4.16203,0.00156,0.27732,0.01698,0.00398,2.76812,6.0308,4.05379,0.0024654,0.0008218,0.0024654,0.0008218,0.0024654,0.0008218,0.0024654,0.0008218
20,43.427,3.28981,5.3176,4.14158,0.00198,0.3703,0.01696,0.0039,2.79191,5.95316,4.06479,0.0024357,0.0008119,0.0024357,0.0008119,0.0024357,0.0008119,0.0024357,0.0008119
21,45.4843,3.31021,5.29575,4.11368,0.002,0.42189,0.02035,0.00447,2.80708,5.65719,4.0461,0.002406,0.000802,0.002406,0.000802,0.002406,0.000802,0.002406,0.000802
22,47.5366,3.40822,4.91562,4.03988,0.38418,0.05726,0.03406,0.00794,2.84125,5.67818,4.07944,0.0023763,0.0007921,0.0023763,0.0007921,0.0023763,0.0007921,0.0023763,0.0007921
23,49.6092,3.35891,5.00191,4.03936,0.35324,0.07222,0.03111,0.00623,2.87384,5.82006,4.05627,0.0023466,0.0007822,0.0023466,0.0007822,0.0023466,0.0007822,0.0023466,0.0007822
24,51.6694,3.43289,5.1129,4.00059,0.37111,0.04167,0.04314,0.01191,2.84124,5.51538,4.02319,0.0023169,0.0007723,0.0023169,0.0007723,0.0023169,0.0007723,0.0023169,0.0007723
25,53.752,3.35367,4.76944,3.90893,0.39321,0.08889,0.05871,0.02001,2.8152,5.6748,3.96727,0.0022872,0.0007624,0.0022872,0.0007624,0.0022872,0.0007624,0.0022872,0.0007624
26,55.8387,3.15431,4.61776,3.85195,0.3961,0.16604,0.07016,0.02133,2.83368,5.62642,3.92936,0.0022575,0.0007525,0.0022575,0.0007525,0.0022575,0.0007525,0.0022575,0.0007525
27,57.9376,3.21618,4.7817,3.88679,0.41281,0.08397,0.05664,0.01673,2.82598,6.23677,3.87417,0.0022278,0.0007426,0.0022278,0.0007426,0.0022278,0.0007426,0.0022278,0.0007426
28,60.0149,3.26981,4.65309,3.81057,0.64743,0.14402,0.09577,0.02552,2.78401,5.96,3.82047,0.0021981,0.0007327,0.0021981,0.0007327,0.0021981,0.0007327,0.0021981,0.0007327
29,62.1147,3.31846,4.61968,3.76663,0.47127,0.11731,0.11904,0.03038,2.8127,5.6856,3.84248,0.0021684,0.0007228,0.0021684,0.0007228,0.0021684,0.0007228,0.0021684,0.0007228
30,64.2165,3.13754,4.6017,3.74268,0.47016,0.1312,0.11302,0.03082,2.83906,5.66097,3.83375,0.0021387,0.0007129,0.0021387,0.0007129,0.0021387,0.0007129,0.0021387,0.0007129
31,66.3299,3.24001,4.33611,3.75272,0.24628,0.21334,0.09969,0.02677,2.86751,5.64873,3.83611,0.002109,0.000703,0.002109,0.000703,0.002109,0.000703,0.002109,0.000703
32,68.4131,3.13646,4.58551,3.77567,0.09116,0.18159,0.11737,0.03257,2.74924,5.5523,3.77703,0.0020793,0.0006931,0.0020793,0.0006931,0.0020793,0.0006931,0.0020793,0.0006931
33,70.5057,3.09739,4.40639,3.73775,0.31975,0.17269,0.16383,0.05337,2.62945,5.60781,3.71342,0.0020496,0.0006832,0.0020496,0.0006832,0.0020496,0.0006832,0.0020496,0.0006832
34,72.6025,3.04962,4.19565,3.65194,0.51028,0.24425,0.15932,0.0527,2.5465,5.455,3.67868,0.0020199,0.0006733,0.0020199,0.0006733,0.0020199,0.0006733,0.0020199,0.0006733
35,74.6832,3.0941,4.17508,3.62228,0.46279,0.34231,0.18444,0.07036,2.48159,5.17024,3.65156,0.0019902,0.0006634,0.0019902,0.0006634,0.0019902,0.0006634,0.0019902,0.0006634
36,76.775,3.04031,4.26574,3.61586,0.50154,0.28553,0.20191,0.07725,2.41831,4.96967,3.65113,0.0019605,0.0006535,0.0019605,0.0006535,0.0019605,0.0006535,0.0019605,0.0006535
37,78.858,2.99787,3.92932,3.5036,0.4821,0.34567,0.17589,0.074,2.3801,4.79425,3.61714,0.0019308,0.0006436,0.0019308,0.0006436,0.0019308,0.0006436,0.0019308,0.0006436
38,80.9288,2.96712,4.00909,3.53012,0.48765,0.37892,0.18675,0.09036,2.39878,4.81843,3.58595,0.0019011,0.0006337,0.0019011,0.0006337,0.0019011,0.0006337,0.0019011,0.0006337
39,83.0204,3.02587,4.31375,3.53633,0.50749,0.40089,0.20752,0.09815,2.3371,4.71725,3.53763,0.0018714,0.0006238,0.0018714,0.0006238,0.0018714,0.0006238,0.0018714,0.0006238
40,85.1052,2.89881,3.94113,3.43415,0.5069,0.3731,0.2144,0.10139,2.32987,4.45239,3.50975,0.0018417,0.0006139,0.0018417,0.0006139,0.0018417,0.0006139,0.0018417,0.0006139
41,87.1938,2.9014,3.87413,3.42052,0.38048,0.36564,0.23577,0.10734,2.31185,4.37682,3.47307,0.001812,0.000604,0.001812,0.000604,0.001812,0.000604,0.001812,0.000604
42,89.2884,2.83768,3.96013,3.39785,0.58252,0.30916,0.28542,0.12784,2.30547,4.17463,3.42585,0.0017823,0.0005941,0.0017823,0.0005941,0.0017823,0.0005941,0.0017823,0.0005941
43,91.3853,2.94443,3.81971,3.39198,0.64068,0.41558,0.35368,0.13584,2.27003,4.10675,3.3801,0.0017526,0.0005842,0.0017526,0.0005842,0.0017526,0.0005842,0.0017526,0.0005842
44,93.4867,2.88969,3.71088,3.33684,0.63739,0.40138,0.38263,0.14455,2.32087,4.08198,3.3904,0.0017229,0.0005743,0.0017229,0.0005743,0.0017229,0.0005743,0.0017229,0.0005743
45,95.585,2.86472,3.72572,3.30668,0.68543,0.38159,0.38276,0.1502,2.37306,4.16303,3.38678,0.0016932,0.0005644,0.0016932,0.0005644,0.0016932,0.0005644,0.0016932,0.0005644
46,97.6914,2.92544,3.88121,3.29391,0.67573,0.35955,0.38214,0.16431,2.31868,4.10634,3.35119,0.0016635,0.0005545,0.0016635,0.0005545,0.0016635,0.0005545,0.0016635,0.0005545
47,99.7833,2.93318,3.64423,3.2644,0.45724,0.43419,0.39635,0.17517,2.17208,4.02451,3.29833,0.0016338,0.0005446,0.0016338,0.0005446,0.0016338,0.0005446,0.0016338,0.0005446
48,101.886,2.84209,3.63922,3.26008,0.54926,0.42529,0.44946,0.19962,2.14478,4.01153,3.26861,0.0016041,0.0005347,0.0016041,0.0005347,0.0016041,0.0005347,0.0016041,0.0005347
49,103.99,2.82398,3.77397,3.32747,0.56532,0.36902,0.44024,0.2058,2.11193,3.97863,3.21651,0.0015744,0.0005248,0.0015744,0.0005248,0.0015744,0.0005248,0.0015744,0.0005248
50,106.083,2.74017,3.60405,3.24592,0.77127,0.38608,0.45514,0.21881,2.05704,3.92294,3.18327,0.0015447,0.0005149,0.0015447,0.0005149,0.0015447,0.0005149,0.0015447,0.0005149
51,108.167,2.77728,3.58962,3.21153,0.77388,0.4346,0.48335,0.23778,2.05245,3.93123,3.17967,0.001515,0.000505,0.001515,0.000505,0.001515,0.000505,0.001515,0.000505
52,110.257,2.62859,3.37729,3.16341,0.80163,0.39173,0.48094,0.22541,2.10087,3.81588,3.204,0.0014853,0.0004951,0.0014853,0.0004951,0.0014853,0.0004951,0.0014853,0.0004951
53,112.339,2.67663,3.4775,3.12767,0.77456,0.40562,0.47891,0.23144,2.07212,3.75713,3.17559,0.0014556,0.0004852,0.0014556,0.0004852,0.0014556,0.0004852,0.0014556,0.0004852
54,114.414,2.72661,3.70137,3.15179,0.63173,0.4047,0.49047,0.24293,2.07264,3.73611,3.13713,0.0014259,0.0004753,0.0014259,0.0004753,0.0014259,0.0004753,0.0014259,0.0004753
55,116.491,2.65904,3.41965,3.06708,0.56998,0.4721,0.50672,0.24091,2.05496,3.73569,3.09363,0.0013962,0.0004654,0.0013962,0.0004654,0.0013962,0.0004654,0.0013962,0.0004654
56,118.585,2.67675,3.54209,3.11323,0.72651,0.4484,0.50862,0.25829,2.01061,3.79995,3.04554,0.0013665,0.0004555,0.0013665,0.0004555,0.0013665,0.0004555,0.0013665,0.0004555
57,120.676,2.72813,3.56932,3.16585,0.82609,0.40183,0.51219,0.26038,1.96671,3.82221,3.00078,0.0013368,0.0004456,0.0013368,0.0004456,0.0013368,0.0004456,0.0013368,0.0004456
58,122.778,2.57467,3.28061,3.06856,0.78927,0.42759,0.50839,0.24965,1.95327,3.7325,2.98127,0.0013071,0.0004357,0.0013071,0.0004357,0.0013071,0.0004357,0.0013071,0.0004357
59,124.859,2.56974,3.45656,3.05859,0.78295,0.43906,0.53484,0.27546,1.95572,3.71702,2.97509,0.0012774,0.0004258,0.0012774,0.0004258,0.0012774,0.0004258,0.0012774,0.0004258
60,126.938,2.55344,3.36831,3.14946,0.83307,0.45327,0.5586,0.28189,1.96617,3.77836,2.96591,0.0012477,0.0004159,0.0012477,0.0004159,0.0012477,0.0004159,0.0012477,0.0004159
61,129.039,2.61111,3.43966,3.06988,0.83657,0.45175,0.5763,0.28535,1.96606,3.67692,2.96536,0.001218,0.000406,0.001218,0.000406,0.001218,0.000406,0.001218,0.000406
62,131.143,2.59971,3.27477,3.01858,0.81392,0.45954,0.56948,0.28154,1.96781,3.55001,2.94982,0.0011883,0.0003961,0.0011883,0.0003961,0.0011883,0.0003961,0.0011883,0.0003961
63,133.232,2.52285,3.23206,2.97221,0.80146,0.4309,0.55416,0.27404,1.97968,3.5116,2.93315,0.0011586,0.0003862,0.0011586,0.0003862,0.0011586,0.0003862,0.0011586,0.0003862
64,135.31,2.46435,3.19163,2.95056,0.82184,0.45525,0.56621,0.28504,1.97214,3.45179,2.91909,0.0011289,0.0003763,0.0011289,0.0003763,0.0011289,0.0003763,0.0011289,0.0003763
65,137.388,2.4442,3.15147,2.95948,0.64369,0.45679,0.56709,0.28289,1.94349,3.41762,2.90695,0.0010992,0.0003664,0.0010992,0.0003664,0.0010992,0.0003664,0.0010992,0.0003664
66,139.476,2.53941,3.39465,2.93523,0.55674,0.54374,0.59691,0.29765,1.90621,3.3686,2.89049,0.0010695,0.0003565,0.0010695,0.0003565,0.0010695,0.0003565,0.0010695,0.0003565
67,141.564,2.58526,3.49974,3.04007,0.68013,0.5558,0.62945,0.31151,1.88819,3.29315,2.87547,0.0010398,0.0003466,0.0010398,0.0003466,0.0010398,0.0003466,0.0010398,0.0003466
68,143.651,2.40603,3.30814,2.91496,0.56505,0.58652,0.61849,0.30454,1.88592,3.28216,2.86161,0.0010101,0.0003367,0.0010101,0.0003367,0.0010101,0.0003367,0.0010101,0.0003367
69,145.722,2.42072,3.24904,2.87699,0.52853,0.57555,0.61551,0.30478,1.86105,3.2484,2.84164,0.0009804,0.0003268,0.0009804,0.0003268,0.0009804,0.0003268,0.0009804,0.0003268
70,147.809,2.41008,3.137,2.90355,0.5336,0.53466,0.62496,0.31173,1.87278,3.23022,2.82917,0.0009507,0.0003169,0.0009507,0.0003169,0.0009507,0.0003169,0.0009507,0.0003169
71,149.907,2.40327,3.1511,2.87051,0.58682,0.55926,0.63743,0.31413,1.87754,3.19853,2.82241,0.000921,0.000307,0.000921,0.000307,0.000921,0.000307,0.000921,0.000307
72,151.993,2.33942,3.14492,2.85395,0.65688,0.53347,0.63847,0.31899,1.84657,3.20554,2.8108,0.0008913,0.0002971,0.0008913,0.0002971,0.0008913,0.0002971,0.0008913,0.0002971
73,154.101,2.50165,3.15769,2.84533,0.70522,0.52043,0.63848,0.3194,1.82067,3.18792,2.79415,0.0008616,0.0002872,0.0008616,0.0002872,0.0008616,0.0002872,0.0008616,0.0002872
74,156.191,2.40777,3.16118,2.85844,0.65068,0.51499,0.62812,0.32174,1.7983,3.18445,2.79163,0.0008319,0.0002773,0.0008319,0.0002773,0.0008319,0.0002773,0.0008319,0.0002773
75,158.299,2.37623,3.07269,2.82409,0.55922,0.52969,0.62586,0.32789,1.7688,3.17292,2.77401,0.0008022,0.0002674,0.0008022,0.0002674,0.0008022,0.0002674,0.0008022,0.0002674
76,160.398,2.27989,3.06283,2.77598,0.54389,0.58795,0.62271,0.3357,1.74286,3.19151,2.75165,0.0007725,0.0002575,0.0007725,0.0002575,0.0007725,0.0002575,0.0007725,0.0002575
77,162.489,2.33871,3.18609,2.81283,0.56977,0.58669,0.63503,0.34215,1.73771,3.19046,2.7357,0.0007428,0.0002476,0.0007428,0.0002476,0.0007428,0.0002476,0.0007428,0.0002476
78,164.588,2.22063,2.84146,2.80377,0.54843,0.55967,0.63687,0.33281,1.73588,3.17517,2.73256,0.0007131,0.0002377,0.0007131,0.0002377,0.0007131,0.0002377,0.0007131,0.0002377
79,166.698,2.27817,2.9398,2.77606,0.578,0.53901,0.64027,0.34137,1.73991,3.17341,2.7217,0.0006834,0.0002278,0.0006834,0.0002278,0.0006834,0.0002278,0.0006834,0.0002278
80,168.986,2.39536,3.06983,2.79197,0.60995,0.53903,0.64695,0.33469,1.75682,3.12348,2.71879,0.0006537,0.0002179,0.0006537,0.0002179,0.0006537,0.0002179,0.0006537,0.0002179
81,171.133,2.40973,3.1954,2.83069,0.60847,0.57296,0.64588,0.33643,1.77485,3.08618,2.7242,0.000624,0.000208,0.000624,0.000208,0.000624,0.000208,0.000624,0.000208
82,173.219,2.35147,3.00786,2.79663,0.64415,0.56479,0.64008,0.33743,1.77237,3.11078,2.71498,0.0005943,0.0001981,0.0005943,0.0001981,0.0005943,0.0001981,0.0005943,0.0001981
83,175.3,2.34582,3.14775,2.86756,0.63578,0.56226,0.6355,0.34311,1.75642,3.12999,2.70652,0.0005646,0.0001882,0.0005646,0.0001882,0.0005646,0.0001882,0.0005646,0.0001882
84,177.414,2.13602,2.88636,2.69717,0.6582,0.5446,0.63832,0.35127,1.7323,3.14425,2.70012,0.0005349,0.0001783,0.0005349,0.0001783,0.0005349,0.0001783,0.0005349,0.0001783
85,179.565,2.28196,2.91567,2.79627,0.66004,0.53182,0.64489,0.35438,1.7253,3.15405,2.69508,0.0005052,0.0001684,0.0005052,0.0001684,0.0005052,0.0001684,0.0005052,0.0001684
86,181.68,2.20841,3.12798,2.75794,0.65487,0.54616,0.65108,0.36152,1.71847,3.13241,2.68842,0.0004755,0.0001585,0.0004755,0.0001585,0.0004755,0.0001585,0.0004755,0.0001585
87,183.797,2.20398,2.81571,2.71316,0.6056,0.55296,0.65644,0.35673,1.73249,3.13301,2.69376,0.0004458,0.0001486,0.0004458,0.0001486,0.0004458,0.0001486,0.0004458,0.0001486
88,185.878,2.2355,3.00411,2.79749,0.63963,0.58375,0.66251,0.36066,1.74929,3.09969,2.69408,0.0004161,0.0001387,0.0004161,0.0001387,0.0004161,0.0001387,0.0004161,0.0001387
89,187.956,2.2128,2.91063,2.71996,0.69959,0.63442,0.70109,0.36433,1.75705,3.0834,2.6931,0.0003864,0.0001288,0.0003864,0.0001288,0.0003864,0.0001288,0.0003864,0.0001288
90,190.061,2.27759,3.06421,2.73653,0.71596,0.60411,0.69126,0.3604,1.74037,3.09394,2.69204,0.0003567,0.0001189,0.0003567,0.0001189,0.0003567,0.0001189,0.0003567,0.0001189
91,192.348,2.00187,3.15772,2.78981,0.60376,0.61784,0.66425,0.36054,1.75121,3.09921,2.68676,0.000327,0.000109,0.000327,0.000109,0.000327,0.000109,0.000327,0.000109
92,194.522,2.01321,3.13993,2.81971,0.59478,0.67727,0.67237,0.36807,1.74065,3.11374,2.67425,0.0002973,9.91e-05,0.0002973,9.91e-05,0.0002973,9.91e-05,0.0002973,9.91e-05
93,196.63,2.0581,3.15861,2.81962,0.62034,0.68323,0.68058,0.37099,1.72002,3.1042,2.65726,0.0002676,8.92e-05,0.0002676,8.92e-05,0.0002676,8.92e-05,0.0002676,8.92e-05
94,198.754,2.05592,3.19787,2.79162,0.65267,0.67806,0.68323,0.36496,1.69766,3.06468,2.63507,0.0002379,7.93e-05,0.0002379,7.93e-05,0.0002379,7.93e-05,0.0002379,7.93e-05
95,200.868,1.95546,3.12488,2.76743,0.64034,0.69302,0.68316,0.36602,1.6916,3.04897,2.63168,0.0002082,6.94e-05,0.0002082,6.94e-05,0.0002082,6.94e-05,0.0002082,6.94e-05
96,202.964,1.99955,3.15742,2.76999,0.6404,0.68928,0.67576,0.36586,1.68869,3.03336,2.62584,0.0001785,5.95e-05,0.0001785,5.95e-05,0.0001785,5.95e-05,0.0001785,5.95e-05
97,205.067,2.03066,3.21587,2.85856,0.65477,0.68181,0.67695,0.36491,1.68808,3.05203,2.62137,0.0001488,4.96e-05,0.0001488,4.96e-05,0.0001488,4.96e-05,0.0001488,4.96e-05
98,207.165,1.98584,3.07317,2.80347,0.64162,0.6683,0.67461,0.36117,1.68211,3.049,2.62068,0.0001191,3.97e-05,0.0001191,3.97e-05,0.0001191,3.97e-05,0.0001191,3.97e-05
99,209.266,1.95137,3.08563,2.76867,0.59328,0.68725,0.66441,0.36121,1.68748,3.05815,2.6245,8.94e-05,2.98e-05,8.94e-05,2.98e-05,8.94e-05,2.98e-05,8.94e-05,2.98e-05
100,211.385,1.98314,3.10488,2.80978,0.6338,0.70544,0.66813,0.35908,1.69432,3.05206,2.63017,5.97e-05,1.99e-05,5.97e-05,1.99e-05,5.97e-05,1.99e-05,5.97e-05,1.99e-05
